set,seed,Sharpe,CAGR,MDD,총수익,거래,승률
CCS(실제),,1.14,0.2539,-0.2191,1.0477,202,0.5248
모멘텀만 CCS(실제),,1.27,0.263,-0.1471,1.0699,184,0.538
무작위,0.0,0.82,0.1624,-0.2943,0.6156,203,0.5025
무작위,1.0,0.88,0.1996,-0.2279,0.7999,204,0.4902
무작위,2.0,1.15,0.243,-0.2753,0.9999,198,0.5202
무작위,3.0,1.23,0.265,-0.2491,1.0503,206,0.5243
무작위,4.0,1.42,0.3163,-0.1654,1.4009,198,0.5455
무작위,5.0,0.46,0.0828,-0.2628,0.2955,200,0.465
무작위,6.0,1.46,0.3863,-0.1972,1.8059,200,0.52
무작위,7.0,0.55,0.1025,-0.244,0.3908,195,0.4923
무작위,8.0,0.58,0.1069,-0.2551,0.395,207,0.4879
무작위,9.0,0.56,0.1029,-0.1926,0.3631,205,0.478
무작위,10.0,0.56,0.1059,-0.2392,0.3657,213,0.4601
무작위,11.0,1.48,0.3293,-0.1409,1.4034,200,0.525
무작위,12.0,0.39,0.0677,-0.3211,0.2267,212,0.4811
무작위,13.0,0.23,0.0268,-0.2806,0.1044,205,0.4732
무작위,14.0,0.83,0.1799,-0.1991,0.6939,205,0.4732
무작위,15.0,0.67,0.1241,-0.2082,0.4818,201,0.4826
무작위,16.0,0.59,0.1149,-0.2387,0.4277,213,0.493
무작위,17.0,0.75,0.1471,-0.2112,0.5665,213,0.4883
무작위,18.0,0.25,0.0305,-0.3371,0.1185,211,0.5166
무작위,19.0,0.51,0.0978,-0.2753,0.354,195,0.4513
모멘텀만 무작위,0.0,1.09,0.2085,-0.1747,0.7888,184,0.5489
모멘텀만 무작위,1.0,0.99,0.1922,-0.2246,0.7355,192,0.5677
모멘텀만 무작위,2.0,1.14,0.219,-0.2179,0.8649,185,0.5243
모멘텀만 무작위,3.0,1.25,0.2584,-0.1788,1.0417,198,0.5202
모멘텀만 무작위,4.0,1.05,0.2119,-0.2257,0.8234,192,0.5156
모멘텀만 무작위,5.0,0.61,0.1035,-0.2064,0.3511,188,0.4894
모멘텀만 무작위,6.0,0.77,0.1375,-0.2744,0.487,190,0.5053
모멘텀만 무작위,7.0,0.81,0.1489,-0.1727,0.5438,188,0.5319
모멘텀만 무작위,8.0,0.94,0.1696,-0.1561,0.6162,176,0.5227
모멘텀만 무작위,9.0,1.2,0.2384,-0.2021,0.9291,186,0.5699
모멘텀만 무작위,10.0,0.87,0.1592,-0.1515,0.5738,197,0.5127
모멘텀만 무작위,11.0,1.32,0.2621,-0.1726,1.0528,191,0.534
모멘텀만 무작위,12.0,1.51,0.3589,-0.1797,1.5686,188,0.5266
모멘텀만 무작위,13.0,0.39,0.0565,-0.2011,0.1816,190,0.4895
모멘텀만 무작위,14.0,1.16,0.2267,-0.1891,0.8927,187,0.5134
모멘텀만 무작위,15.0,0.97,0.185,-0.1805,0.6896,194,0.5412
모멘텀만 무작위,16.0,0.96,0.1842,-0.2611,0.6817,189,0.5503
모멘텀만 무작위,17.0,1.32,0.2804,-0.159,1.1371,193,0.5596
모멘텀만 무작위,18.0,0.46,0.0721,-0.2172,0.25,187,0.5187
모멘텀만 무작위,19.0,0.9,0.1707,-0.1788,0.6372,189,0.5079
