set,seed,Sharpe,CAGR,MDD,총수익,거래,승률,SPY_Sharpe,알파_연,알파_t
CCS(실제),,0.7,0.142,-0.4356,3.160562022666416,697,0.5294,0.89,0.0283,0.53
모멘텀만 CCS(실제),,0.58,0.0966,-0.3662,1.6912415922489097,643,0.5163,0.89,0.0201,0.41
무작위,0.0,0.65,0.1261,-0.398,2.579517993941969,721,0.5035,0.89,0.015,0.29
무작위,1.0,0.51,0.0942,-0.4034,1.6286555251217263,709,0.4979,0.89,-0.0162,-0.31
무작위,2.0,0.62,0.1262,-0.3998,2.5826705210033385,728,0.5014,0.89,0.0148,0.26
무작위,3.0,0.42,0.0746,-0.4588,1.1638421466048614,728,0.5041,0.89,-0.0318,-0.56
무작위,4.0,0.65,0.1292,-0.4282,2.684280931339482,700,0.5057,0.89,0.0158,0.3
무작위,5.0,0.49,0.0905,-0.4391,1.5341913884422578,723,0.509,0.89,-0.0173,-0.32
무작위,6.0,0.74,0.1516,-0.4494,3.548570482284336,708,0.5198,0.89,0.0378,0.71
무작위,7.0,0.2,0.0193,-0.5151,0.22840495617486445,702,0.4772,0.89,-0.09,-1.68
무작위,8.0,0.54,0.1039,-0.3948,1.889206469612268,727,0.5021,0.89,-0.01,-0.18
무작위,9.0,0.77,0.1637,-0.3528,4.091459300881762,718,0.5056,0.89,0.0519,0.94
무작위,10.0,0.61,0.1149,-0.3864,2.2148963650569056,711,0.4895,0.89,0.0081,0.16
무작위,11.0,0.64,0.1235,-0.2808,2.489561049193733,705,0.4894,0.89,0.0195,0.36
무작위,12.0,0.46,0.0832,-0.4992,1.3573112168088506,723,0.4786,0.89,-0.0293,-0.55
무작위,13.0,0.47,0.0865,-0.4311,1.4361946637220426,696,0.4856,0.89,-0.0232,-0.43
무작위,14.0,0.84,0.1826,-0.4019,5.051723735795431,713,0.5147,0.89,0.0616,1.13
무작위,15.0,0.88,0.1841,-0.3696,5.132553698810062,710,0.5014,0.89,0.0692,1.33
무작위,16.0,0.61,0.1234,-0.416,2.4873852842854576,723,0.4869,0.89,0.012,0.22
무작위,17.0,0.53,0.101,-0.3923,1.8093593315191345,721,0.4979,0.89,-0.0042,-0.08
무작위,18.0,0.59,0.1163,-0.4046,2.2564034977874616,713,0.5288,0.89,0.0085,0.15
무작위,19.0,0.61,0.1146,-0.3739,2.204566904644249,696,0.5014,0.89,0.0094,0.18
모멘텀만 무작위,0.0,0.38,0.0594,-0.3576,0.8582275080403297,678,0.4956,0.89,-0.0192,-0.34
모멘텀만 무작위,1.0,0.38,0.0574,-0.4177,0.8210194580237102,662,0.5136,0.89,-0.0238,-0.48
모멘텀만 무작위,2.0,0.74,0.1389,-0.3289,3.0388181005056607,672,0.5298,0.89,0.0589,1.1
모멘텀만 무작위,3.0,0.8,0.1481,-0.2787,3.4057079120840577,664,0.5377,0.89,0.0653,1.28
모멘텀만 무작위,4.0,0.35,0.0512,-0.4326,0.7095520337245278,667,0.5022,0.89,-0.0183,-0.36
모멘텀만 무작위,5.0,0.39,0.0573,-0.3259,0.8183391778188485,661,0.5144,0.89,-0.0205,-0.42
모멘텀만 무작위,6.0,0.61,0.1036,-0.2963,1.8816896112210668,668,0.524,0.89,0.0288,0.58
모멘텀만 무작위,7.0,0.52,0.0887,-0.3158,1.4909626142957642,664,0.5136,0.89,0.0078,0.15
모멘텀만 무작위,8.0,0.77,0.143,-0.339,3.1983234648146404,659,0.519,0.89,0.0555,1.1
모멘텀만 무작위,9.0,0.31,0.0422,-0.3495,0.5583150255577307,662,0.5,0.89,-0.0348,-0.68
모멘텀만 무작위,10.0,0.64,0.1101,-0.3627,2.0672477017493414,669,0.5247,0.89,0.0285,0.58
모멘텀만 무작위,11.0,0.53,0.0905,-0.2911,1.5342323131320912,674,0.4985,0.89,0.012,0.23
모멘텀만 무작위,12.0,0.83,0.1534,-0.3277,3.6278150416617185,665,0.5248,0.89,0.0655,1.32
모멘텀만 무작위,13.0,0.53,0.0901,-0.3391,1.5233825442185527,666,0.5075,0.89,0.0099,0.2
모멘텀만 무작위,14.0,0.71,0.1309,-0.3712,2.746183982197156,664,0.5136,0.89,0.0469,0.91
모멘텀만 무작위,15.0,0.54,0.0919,-0.316,1.568694100027792,663,0.5083,0.89,0.0142,0.27
모멘텀만 무작위,16.0,0.33,0.0469,-0.3656,0.6355356957810299,665,0.5098,0.89,-0.0293,-0.56
모멘텀만 무작위,17.0,0.63,0.1107,-0.443,2.0858368618348675,673,0.5067,0.89,0.0353,0.69
모멘텀만 무작위,18.0,0.37,0.0559,-0.3475,0.7922466634112488,657,0.5084,0.89,-0.0231,-0.46
모멘텀만 무작위,19.0,0.53,0.0899,-0.2997,1.5206808162484626,667,0.5022,0.89,0.0152,0.29
