kind,name,horizon,segment,n_dates,mean_ic,t_nonoverlap,t_nw,hit_rate,yearly_ic,Q5_minus_Q1,spread_t,Q5_excess_vs_EW,Q5_excess_t,Q1,Q3,Q5
fixed,REV,5,full,781,0.01624420917952009,1.9691639129053216,1.8213846056052985,0.5032010243277849,2022:+0.023;2023:+0.018;2024:+0.018;2025:+0.008,0.0014185108552097693,1.5991426277084113,0.0007768097653540146,1.7243814613207673,0.002023600040378416,0.0025920877632505056,0.003442110895588185
fixed,REV,5,train<2024-08,501,0.02207230480826336,2.3688651834427774,2.1123078857096753,0.5229540918163673,2022:+0.023;2023:+0.018;2024:+0.028,0.001679552810632813,1.8077335820298315,0.0008331965305893301,1.91497422290034,0.0018478569269835385,0.002610589587686044,0.0035274097376163517
fixed,REV,5,test>=2024-08,280,0.00581608092951873,0.13846439470264507,0.3567186416731721,0.46785714285714286,2024:+0.001;2025:+0.008,0.000937712449004556,0.31072132889569365,0.0006777538023869661,0.3349905720015705,0.0023406241000068577,0.002538687160253322,0.0032783365490114138
fixed,REV,10,full,781,0.013930846384540585,0.8236034340634404,1.246129223065854,0.5032010243277849,2022:+0.017;2023:+0.022;2024:+0.009;2025:+0.008,0.0018648345105491558,1.0093587470732788,0.001201682962749325,0.8433669578451981,0.004681462266117696,0.0049632630727679304,0.0065462967766668516
fixed,REV,10,train<2024-08,501,0.015617326391709893,0.8861246959601498,1.1550372353260137,0.500998003992016,2022:+0.017;2023:+0.022;2024:+0.004,0.0021104647286775847,1.0611385338087094,0.001269636965570467,0.8177492330468319,0.00487269400977669,0.005258692250884921,0.006983158738454275
fixed,REV,10,test>=2024-08,280,0.010913251800284069,0.2093580435749196,0.5544526636763785,0.5071428571428571,2024:+0.017;2025:+0.008,0.0014478118830053837,0.3846901148875271,0.0010686970846936405,0.370221659857784,0.004314458986369927,0.004468528960036682,0.0057622708693753095
fixed,REV,20,full,781,0.0074420974359950985,1.4351479641954863,0.6181108847562631,0.5032010243277849,2022:+0.025;2023:+0.017;2024:-0.005;2025:+0.004,0.002197809342803527,1.835134985805022,0.0014305163482306895,1.5662157895361781,0.010177487485944759,0.010650946524016174,0.012375296828748286
fixed,REV,20,train<2024-08,501,0.007812286427633297,1.1577730219521625,0.6173647449720941,0.5089820359281437,2022:+0.025;2023:+0.017;2024:-0.017,0.0024956553667264164,1.4383784984903039,0.0015283628309464363,1.0075405989181931,0.010871549823638452,0.011476667948574278,0.01336720519036487
fixed,REV,20,test>=2024-08,280,0.006779723561671036,0.8185026837420062,0.2727321990639456,0.4928571428571429,2024:+0.013;2025:+0.004,0.0017244017359761752,1.1077170901204103,0.0012961191768619785,1.3362862469029488,0.008968433659216126,0.00924894483889809,0.0106928353951923
fixed,LIQ,5,full,781,0.01268600692449033,1.2046949211794749,1.6253251775220252,0.5531370038412292,2022:-0.002;2023:+0.010;2024:+0.010;2025:+0.028,0.0014801818439767768,1.3604176409420865,0.0009462555718751,1.4846594961386654,0.0021313748581324944,0.00276269042232658,0.003611556702109271
fixed,LIQ,5,train<2024-08,501,0.007325339682785643,0.46993467711673664,0.7542763965245709,0.5289421157684631,2022:-0.002;2023:+0.010;2024:+0.009,0.000990289088003238,0.7615645127393478,0.0006891248567916055,0.9379413992179737,0.0023930489758153886,0.002536912926852987,0.0033833380638186267
fixed,LIQ,5,test>=2024-08,280,0.022277772239111933,1.3781888997782867,1.722255724764466,0.5964285714285714,2024:+0.011;2025:+0.028,0.002390626321292087,1.182027104151282,0.0014224214974335085,1.1717517603455974,0.001632377922765869,0.0031466780111355855,0.004023004244057956
fixed,LIQ,10,full,781,0.01792035653060364,1.4153692152514916,1.7088518699375288,0.5685019206145967,2022:+0.002;2023:+0.017;2024:+0.010;2025:+0.037,0.003046417606177712,1.4284816863753629,0.002132455432074161,1.8006997713980275,0.004430651639813977,0.005494799255029324,0.007477069245991687
fixed,LIQ,10,train<2024-08,501,0.009605375397417956,0.5101457158093561,0.7226789649259632,0.530938123752495,2022:+0.002;2023:+0.017;2024:+0.002,0.001816816024337226,0.695456317608961,0.0013510141971132576,0.9210018172958214,0.005247719945659841,0.005374918001387219,0.0070645359699970664
fixed,LIQ,10,test>=2024-08,280,0.03279823348676801,1.6318388073857542,2.0095786922267886,0.6357142857142857,2024:+0.024;2025:+0.037,0.005292363097444144,1.3594366484926736,0.003586237326312631,1.6702802296721535,0.0029874480135501577,0.005663552301285835,0.0082798111109943
fixed,LIQ,20,full,781,0.024552472898944296,1.6258454357547993,1.6785535006417156,0.5902688860435339,2022:+0.002;2023:+0.029;2024:+0.010;2025:+0.050,0.006255154498638289,1.5886218508113499,0.004412747519792835,1.9919259448162046,0.009102373501672142,0.0107733904830039,0.015357528000310431
fixed,LIQ,20,train<2024-08,501,0.010846040754923385,0.3679835964714885,0.5938454134675016,0.5489021956087824,2022:+0.002;2023:+0.029;2024:-0.013,0.002948800732523157,0.48722942069818115,0.0022035664848693974,0.6569692293259161,0.011093608111764673,0.010752479984937344,0.014042408844287832
fixed,LIQ,20,test>=2024-08,280,0.049077196128067435,2.115623279957626,2.175995959787724,0.6642857142857143,2024:+0.048;2025:+0.050,0.012390149773157194,1.7795182421332512,0.00855208843576155,2.273637502956982,0.005558654880934677,0.01079676615047246,0.01794880465409187
fixed,VOL,5,full,781,0.019991433455217464,0.8268294779027275,1.2067061040725466,0.5121638924455826,2022:-0.016;2023:+0.046;2024:-0.005;2025:+0.036,0.002875819756646795,1.1978209818129297,0.0017940216967207003,1.3256226594223766,0.0015835030703080766,0.0024090209664030587,0.004459322826954871
fixed,VOL,5,train<2024-08,501,0.015487451074966312,0.4480714480103141,0.7672715656571303,0.499001996007984,2022:-0.016;2023:+0.046;2024:-0.015,0.0024816076486142416,0.8567162648449104,0.0014522252547126023,0.8825563604029197,0.001664830813125383,0.002759973417849615,0.004146438461739624
fixed,VOL,5,test>=2024-08,280,0.02805034478559543,0.7940733736378693,0.9742958093796685,0.5357142857142857,2024:+0.012;2025:+0.036,0.0035643702677215605,0.8428767117009105,0.0024018669189535607,1.0116855199428945,0.0014380793978564482,0.0017450834165333871,0.0050024496655780085
fixed,VOL,10,full,781,0.029326016326342543,0.8539183222450986,1.2842308886128302,0.5044814340588989,2022:+0.002;2023:+0.059;2024:-0.009;2025:+0.055,0.005714617547039196,1.1378612596988824,0.003618701045934099,1.347907996214747,0.003248697312812429,0.0047920577974217265,0.008963314859851627
fixed,VOL,10,train<2024-08,501,0.02110667700779899,0.3483371355757375,0.7569132805858451,0.48303393213572854,2022:+0.002;2023:+0.059;2024:-0.028,0.004650889393083078,0.7034308788410125,0.002575457149652072,0.6770840202940311,0.0036380895294528034,0.005903294597852643,0.008288978922535882
fixed,VOL,10,test>=2024-08,280,0.044032762749879405,1.0009624834826234,1.1158837833703747,0.5428571428571428,2024:+0.023;2025:+0.055,0.0076204389019083755,0.9257925095203824,0.005488063677101458,1.2969186601674592,0.002561198559874752,0.002778395663671427,0.010181637461783126
fixed,VOL,20,full,781,0.037670608464347034,0.8986672194993957,1.1832467055623683,0.5070422535211268,2022:+0.065;2023:+0.058;2024:-0.013;2025:+0.065,0.01110963364009696,1.3723753625305877,0.007168330066365077,1.4981484945520325,0.007003476906785713,0.009635558418649454,0.018113110546882673
fixed,VOL,20,train<2024-08,501,0.02238348590170753,0.002069504436135426,0.5725860190264933,0.45708582834331335,2022:+0.065;2023:+0.058;2024:-0.059,0.0073135418991026055,0.4311796472971732,0.004118565302695097,0.3972151125870583,0.008643865763010924,0.011543834005033754,0.01595740766211353
fixed,VOL,20,test>=2024-08,280,0.0650236384782127,1.6791429113879053,1.2041160006858211,0.5964285714285714,2024:+0.064;2025:+0.065,0.018068985890848998,1.795638439003465,0.012750111261371853,2.1336996344322343,0.004077841588853178,0.006222021768182563,0.022146827479702178
fixed,REV+LIQ,5,full,781,0.019837884605978313,2.185480582889643,2.234579981037396,0.5211267605633803,2022:+0.022;2023:+0.020;2024:+0.021;2025:+0.017,0.0017956003461139923,1.8742541660537486,0.000943881641090576,1.6901357021350698,0.0018135824252107544,0.0025668525735523967,0.0036091827713247465
fixed,REV+LIQ,5,train<2024-08,501,0.024020401134587362,2.334097439985349,2.2991404659386707,0.5449101796407185,2022:+0.022;2023:+0.020;2024:+0.031,0.0019415732220706703,2.0512204398692866,0.0009607584645735752,1.8838886215864459,0.0017133984495299264,0.0026109870923360277,0.0036549716716005967
fixed,REV+LIQ,5,test>=2024-08,280,0.012354167531574256,0.5124173235964867,0.7627735842319399,0.4785714285714286,2024:+0.003;2025:+0.017,0.0015236093815464888,0.44774413068230834,0.0009237010339667504,0.3569636182297306,0.002000674399044709,0.002470402643517884,0.003524283780591198
fixed,REV+LIQ,10,full,781,0.019113191630856764,1.0732136158032652,1.6842500636283988,0.5224071702944942,2022:+0.016;2023:+0.028;2024:+0.011;2025:+0.020,0.0027559791743248653,1.1033434978587342,0.001665983308703007,0.6830209634742448,0.004254617948295668,0.005002412638580204,0.007010597122620533
fixed,REV+LIQ,10,train<2024-08,501,0.018301199710903042,0.9318218498298498,1.3492050663025625,0.530938123752495,2022:+0.016;2023:+0.028;2024:+0.004,0.0026783494748573687,0.9712932498466076,0.0015111068718955609,0.46278387080282174,0.004546279169922,0.005334340598275828,0.007224628644779369
fixed,REV+LIQ,10,test>=2024-08,280,0.02056607717334537,0.5491026937659494,1.0101720845997044,0.5071428571428571,2024:+0.022;2025:+0.020,0.0029371705096305992,0.6136395561498735,0.0019673601755968726,0.5131786816241024,0.003723763450647942,0.0044222700640627905,0.006660933960278542
fixed,REV+LIQ,20,full,781,0.015464572687870963,2.0070959045618815,1.2519348286610814,0.5249679897567221,2022:+0.024;2023:+0.026;2024:-0.002;2025:+0.021,0.004146434360202485,2.023847233344993,0.002220121243581396,1.5285755788377633,0.009018467363896507,0.010746419865530599,0.013164901724098992
fixed,REV+LIQ,20,train<2024-08,501,0.011615988202579938,1.4210252570983164,0.9552283805884111,0.5129740518962076,2022:+0.024;2023:+0.026;2024:-0.020,0.0033563165927156407,1.6079276177822215,0.001859197710444083,0.9783031037657052,0.010341723477146873,0.011412185570341866,0.013698040069862517
fixed,REV+LIQ,20,test>=2024-08,280,0.022350789927623824,1.3950788146548467,0.8359479763472852,0.5464285714285714,2024:+0.026;2025:+0.021,0.005667636255136053,1.2229535726899488,0.002938917594256321,1.2353963240768682,0.006667997557450591,0.00959507425869165,0.012335633812586644
fixed,REV+LIQ+VOL,5,full,781,0.0227961909721061,2.2163037224805,2.261172753917243,0.5403329065300896,2022:+0.013;2023:+0.032;2024:+0.014;2025:+0.027,0.0024390785809937296,2.1329912710080605,0.0013479699462618626,1.9295666374593752,0.0015741924955023038,0.002448499829621919,0.004013271076496034
fixed,REV+LIQ+VOL,5,train<2024-08,501,0.02499268875565563,2.0947491515047356,2.1508042416277005,0.564870259481038,2022:+0.013;2023:+0.032;2024:+0.021,0.002399025153902571,2.033802523440839,0.0012457603528696196,1.753605595473814,0.0015409484059940703,0.0025520136077690344,0.0039399735598966415
fixed,REV+LIQ+VOL,5,test>=2024-08,280,0.018866028866540693,0.8733200662174739,0.9969338645818814,0.49642857142857144,2024:+0.004;2025:+0.027,0.0025037931475621333,0.8967968167307808,0.001546243329751406,0.9311024639875791,0.0016430329288137202,0.0022321547402609537,0.004146826076375854
fixed,REV+LIQ+VOL,10,full,781,0.02440525874466696,1.267282279352075,1.8909094334061414,0.5339308578745199,2022:+0.016;2023:+0.042;2024:+0.003;2025:+0.033,0.003934524756688519,1.4412274351453473,0.002344943146370294,1.0414442462421718,0.003755032203599301,0.004922877235618077,0.00768955696028782
fixed,REV+LIQ+VOL,10,train<2024-08,501,0.021677616890563856,0.984748396292468,1.4867710173344222,0.5369261477045908,2022:+0.016;2023:+0.042;2024:-0.008,0.0035195240752716565,1.20277065455877,0.0019754032152801107,0.6133698216338648,0.004169400912892263,0.00538546200818879,0.007688924988163919
fixed,REV+LIQ+VOL,10,test>=2024-08,280,0.029285789347901447,0.785280930219431,1.1792559032849474,0.5285714285714286,2024:+0.021;2025:+0.033,0.004695415349860007,0.8375090941687826,0.0030284105678660012,0.8619307769707224,0.0030265690026876632,0.0040886854033665015,0.007721984352547669
fixed,REV+LIQ+VOL,20,full,781,0.024162344969974946,1.9565667699441227,1.4674251059013415,0.5070422535211268,2022:+0.041;2023:+0.040;2024:-0.008;2025:+0.038,0.006845115776166217,2.0769165861638097,0.003483587100006233,1.6825186433214323,0.007583251804357613,0.01076321840651151,0.01442836758052383
fixed,REV+LIQ+VOL,20,train<2024-08,501,0.016517451365191012,1.1221446254187348,0.971553367366019,0.48902195608782434,2022:+0.041;2023:+0.040;2024:-0.036,0.005272105897651669,1.4665651939816182,0.002707247114113686,0.8812440890600883,0.009273983575880449,0.011562598758084072,0.014546089473532118
fixed,REV+LIQ+VOL,20,test>=2024-08,280,0.037841243884249066,1.7043608525430247,1.1048570303628547,0.5392857142857143,2024:+0.037;2025:+0.038,0.009791750257494014,1.4528840519003183,0.004968424865644532,1.6146595847641358,0.004573390826480839,0.009333785923215286,0.014365141083974855
walkforward,WF_top5,5,oos>=2023-08-18,530,0.010114298627758605,0.8850444606267165,0.9858367243130168,0.4867924528301887,2023:+0.005;2024:+0.015;2025:+0.006,0.0009529441131568724,0.664379692477366,0.0005372582298286512,0.6500275301933971,0.0029051501226049666,0.003332835627702865,0.0038580942357618387
walkforward,WF_top5,10,oos>=2023-08-18,530,-0.010183993726156129,-0.710714898692106,-0.7543395814675716,0.5490566037735849,2023:+0.017;2024:-0.017;2025:-0.015,-0.001583526614229356,-0.4653841201848771,-0.0007447536485572914,-0.42995142616003357,0.0071581620788078925,0.005610071931183248,0.005574635464578537
walkforward,WF_top5,20,oos>=2023-08-18,530,0.013486057584973673,1.025346123189628,0.9534253799564382,0.5509433962264151,2023:-0.008;2024:+0.032;2025:-0.001,0.0029714735424007225,1.3330225054595493,0.0009456600557815764,0.617121850175007,0.010519080573567353,0.013160116690205833,0.013490554115968079
