kind,name,horizon,segment,n_dates,mean_ic,t_nonoverlap,hit_rate,yearly_ic,Q5_minus_Q1,spread_t,Q5_excess_vs_EW,Q5_excess_t,Q1,Q3,Q5
fixed,REV,5,full,2444,0.013923188406904175,1.125476016602235,0.5130932896890343,2016:+0.016;2017:+0.004;2018:+0.020;2019:+0.014;2020:+0.031;2021:+0.005;2022:+0.007;2023:+0.015;2024:+0.015;2025:+0.012,0.0016544060149523367,1.3001391106128553,0.0008940104710330555,1.592457395969075,0.002037802341255607,0.002801914731012481,0.0036922083562079444
fixed,REV,5,train<2024-08,2169,0.014947103900305113,1.185696013085719,0.5182111572153066,2016:+0.016;2017:+0.004;2018:+0.020;2019:+0.014;2020:+0.031;2021:+0.005;2022:+0.007;2023:+0.015;2024:+0.028,0.0017849740131106746,1.3318598982493006,0.0009394154833029803,1.641760277300954,0.0020278404921070846,0.0029064170377899085,0.003812814505217759
fixed,REV,5,test>=2024-08,275,0.005847287660770913,-0.003261666345473755,0.4727272727272727,2024:-0.007;2025:+0.012,0.0006350405231682613,0.14107364554337176,0.000539639031092295,0.15012857083224043,0.0021188925616442453,0.001987321245435812,0.002753933084812507
fixed,REV,10,full,2439,0.013594835085808032,0.18873977339835737,0.5137351373513735,2016:+0.045;2017:-0.002;2018:+0.029;2019:+0.008;2020:+0.013;2021:-0.003;2022:+0.004;2023:+0.017;2024:+0.008;2025:+0.017,0.0023400303454715037,0.14054874687902427,0.0013958851318213125,0.597420048670472,0.004771168839190501,0.005504257542560912,0.007111199184662004
fixed,REV,10,train<2024-08,2169,0.013221408431762102,0.18508733578032555,0.5131396957123098,2016:+0.045;2017:-0.002;2018:+0.029;2019:+0.008;2020:+0.013;2021:-0.003;2022:+0.004;2023:+0.017;2024:+0.003,0.0023919271702015667,0.22523201404735488,0.0013779191973582448,0.5612557808314157,0.004893087953964921,0.0057576410219336354,0.0072850151241664884
fixed,REV,10,test>=2024-08,270,0.016594695873310365,0.04105235776194038,0.5185185185185185,2024:+0.016;2025:+0.017,0.0019391602612934024,-0.20407192858132228,0.0015424541803379266,0.20403351679132095,0.003793323449117092,0.0034855575747686903,0.005732483710410494
fixed,REV,20,full,2429,0.014658223974703306,0.03968020179989933,0.5261424454508028,2016:+0.061;2017:-0.000;2018:+0.010;2019:+0.048;2020:+0.007;2021:-0.001;2022:+0.006;2023:+0.012;2024:-0.009;2025:+0.011,0.004064472206088093,0.3175793506920669,0.0022864269965185893,0.14331707741990762,0.009677514233014148,0.011316179128186665,0.013741986439102237
fixed,REV,20,train<2024-08,2169,0.01499895518267203,-0.10243282968650372,0.5255878284923928,2016:+0.061;2017:-0.000;2018:+0.010;2019:+0.048;2020:+0.007;2021:-0.001;2022:+0.006;2023:+0.012;2024:-0.023,0.004266688055572846,0.2669793989300715,0.0024004591455173644,0.09781445564935051,0.009932094154265965,0.011684385966685239,0.014198782209838815
fixed,REV,20,test>=2024-08,260,0.011815739397456502,0.32326278155450994,0.5307692307692308,2024:+0.013;2025:+0.011,0.002324491151984914,0.1773567103010511,0.0013241587074439925,0.13187513786201915,0.007533961632556669,0.008197025964825806,0.009858452784541583
fixed,LIQ,5,full,2444,0.008376429095156644,1.4758969299674598,0.5298690671031097,2016:-0.015;2017:+0.018;2018:+0.023;2019:+0.013;2020:+0.004;2021:-0.008;2022:-0.006;2023:+0.011;2024:+0.018;2025:+0.032,0.0007405024084886835,1.245916266785026,0.00036689368214789164,1.1814866185634225,0.002423679459009597,0.003062242077001434,0.00316418186749828
fixed,LIQ,5,train<2024-08,2169,0.005992115711781054,0.9780662583311674,0.520977408944214,2016:-0.015;2017:+0.018;2018:+0.023;2019:+0.013;2020:+0.004;2021:-0.008;2022:-0.006;2023:+0.011;2024:+0.018,0.0004700125661884778,0.7297608347724629,0.00022610950882835488,0.6839645850881373,0.002629179797142957,0.003075287762523262,0.0030991923633314346
fixed,LIQ,5,test>=2024-08,275,0.02718215901712629,1.6238890831035226,0.6,2024:+0.018;2025:+0.032,0.00282948824665437,1.507853628700487,0.0014421328120520873,1.3348641250720792,0.0008204783609215151,0.0029700008900459154,0.003649966607575885
fixed,LIQ,10,full,2439,0.012227155469325728,1.787848826254782,0.5440754407544075,2016:-0.014;2017:+0.026;2018:+0.021;2019:+0.023;2020:+0.004;2021:-0.009;2022:-0.004;2023:+0.020;2024:+0.022;2025:+0.041,0.0014255189626634112,1.3430981434339744,0.0006839553394901842,1.3411181457517363,0.004969844331900519,0.0062854704549456224,0.006395363294563931
fixed,LIQ,10,train<2024-08,2169,0.00893624651504803,1.3520844016346338,0.5306592899953896,2016:-0.014;2017:+0.026;2018:+0.021;2019:+0.023;2020:+0.004;2021:-0.009;2022:-0.004;2023:+0.020;2024:+0.015,0.000815846480955206,0.8309634252090431,0.00032060094341947106,0.8551119697715809,0.005408700893327779,0.006371319222726515,0.006224547374282985
fixed,LIQ,10,test>=2024-08,270,0.03866412406868989,1.5610859599250988,0.6518518518518519,2024:+0.033;2025:+0.041,0.0063015115659873265,1.59175073121696,0.0035869376050174755,1.4084357336094084,0.0014634174841943442,0.005611651144573396,0.007764929050181671
fixed,LIQ,20,full,2429,0.014871795578854296,1.4185715702086894,0.5730753396459448,2016:-0.011;2017:+0.038;2018:+0.014;2019:+0.029;2020:+0.004;2021:-0.017;2022:-0.005;2023:+0.036;2024:+0.025;2025:+0.048,0.0029874209731547232,1.245994788343325,0.0014563325939583455,1.1086181854339114,0.009920255519903673,0.012294217417693756,0.012907676493058398
fixed,LIQ,20,train<2024-08,2169,0.010397884539481005,0.7841291153098209,0.557860765329645,2016:-0.011;2017:+0.038;2018:+0.014;2019:+0.029;2020:+0.004;2021:-0.017;2022:-0.005;2023:+0.036;2024:+0.004,0.0017723862864828866,0.47734473065358685,0.0007063703016469355,0.31274952373197523,0.010729162225690333,0.012432670834226379,0.012501548512173218
fixed,LIQ,20,test>=2024-08,260,0.052194538057318406,2.4689285219334764,0.7,2024:+0.059;2025:+0.048,0.013290426046250144,2.4859746902964743,0.007831341693042062,2.196514341042487,0.003060950239672294,0.011024625543422638,0.01635137628592244
fixed,VOL,5,full,2444,0.003516241759087961,0.6428645292687474,0.5061374795417348,2016:+0.025;2017:-0.014;2018:-0.009;2019:+0.014;2020:-0.005;2021:-0.001;2022:-0.021;2023:+0.034;2024:-0.011;2025:+0.032,0.0008456087573484813,0.6825869055482104,0.00043397260782208604,0.6807166881800129,0.002387858123672488,0.002696880477095101,0.0032334668810209692
fixed,VOL,5,train<2024-08,2169,0.0011084253841462494,0.4217020318747711,0.503918856615952,2016:+0.025;2017:-0.014;2018:-0.009;2019:+0.014;2020:-0.005;2021:-0.001;2022:-0.021;2023:+0.034;2024:-0.022,0.0006873398627314201,0.5354732158208282,0.0003214684381048266,0.502674331094731,0.002509561050281355,0.0027958416155289215,0.003196900913012775
fixed,VOL,5,test>=2024-08,275,0.022507346185446413,0.7626061369904847,0.5236363636363637,2024:+0.005;2025:+0.032,0.002088631289974747,0.5572883800328,0.0013173436850199335,0.6422230883693578,0.001437483021388916,0.001920256354318056,0.003526114311363664
fixed,VOL,10,full,2439,0.006934881690602144,0.5911776487447428,0.4940549405494055,2016:+0.049;2017:-0.012;2018:-0.018;2019:+0.014;2020:+0.012;2021:-0.009;2022:-0.028;2023:+0.042;2024:-0.019;2025:+0.052,0.002168997099863037,0.9088720713064016,0.0011468171112289484,0.8047428752945356,0.0046925126042022085,0.005624635440139009,0.006861509704065246
fixed,VOL,10,train<2024-08,2169,0.0030454545710286714,0.36796572821424395,0.48824343015214383,2016:+0.049;2017:-0.012;2018:-0.018;2019:+0.014;2020:+0.012;2021:-0.009;2022:-0.028;2023:+0.042;2024:-0.038,0.0017878586495372595,0.791994619701264,0.0008696105800861361,0.657827676122102,0.004989271573821878,0.00588945387094551,0.006777130223359139
fixed,VOL,10,test>=2024-08,270,0.038179946217842396,0.8495771924750142,0.5407407407407407,2024:+0.012;2025:+0.052,0.005217328938452573,0.5226169858509371,0.003363163227819666,0.6164637989432107,0.0023267341756004764,0.003509696470684084,0.007544063114053049
fixed,VOL,20,full,2429,0.010806623067916996,0.3843651229613765,0.4849732400164677,2016:+0.076;2017:-0.008;2018:-0.029;2019:+0.021;2020:+0.042;2021:-0.010;2022:-0.029;2023:+0.032;2024:-0.027;2025:+0.057,0.004475175271209323,0.7571688774886249,0.002492465263132104,0.8725472715617586,0.009470503366601848,0.011039179902002923,0.013945678637811173
fixed,VOL,20,train<2024-08,2169,0.005632605213369957,0.018160296501773133,0.4762563393268787,2016:+0.076;2017:-0.008;2018:-0.029;2019:+0.021;2020:+0.042;2021:-0.010;2022:-0.029;2023:+0.032;2024:-0.073,0.0034527908753546406,0.4614702168246883,0.0018410874144988646,0.5367370962693853,0.01018569244706468,0.011501193114842016,0.013638483322419322
fixed,VOL,20,test>=2024-08,260,0.053969872016042114,1.3046627150855998,0.5576923076923077,2024:+0.048;2025:+0.057,0.013085309551312506,1.1280120178029431,0.007996317432275961,1.3618941290764193,0.0034305167478537917,0.00710491654789737,0.016515826299166293
fixed,REV+LIQ,5,full,2444,0.015743448456093958,1.478839835775692,0.5225040916530278,2016:+0.007;2017:+0.010;2018:+0.026;2019:+0.018;2020:+0.031;2021:+0.000;2022:+0.005;2023:+0.018;2024:+0.021;2025:+0.024,0.0017902588836134954,1.6014017499734816,0.0010379141024107134,1.6569533945215769,0.0020458531039721064,0.002640378203575722,0.003836111987585602
fixed,REV+LIQ,5,train<2024-08,2169,0.015729497387397196,1.4021426890071107,0.5269709543568465,2016:+0.007;2017:+0.010;2018:+0.026;2019:+0.018;2020:+0.031;2021:+0.000;2022:+0.005;2023:+0.018;2024:+0.033,0.001777246914526413,1.4788978869164016,0.0010009068799646022,1.5355964279567735,0.002097058987352968,0.002683559854247132,0.0038743059018793804
fixed,REV+LIQ,5,test>=2024-08,275,0.015853484339742218,0.46577790307295125,0.48727272727272725,2024:-0.000;2025:+0.024,0.0018879537420551423,0.6263103563034471,0.0013363694810525424,0.6353616589709136,0.001662709792717611,0.002309878184817069,0.0035506635347727533
fixed,REV+LIQ,10,full,2439,0.016873494600895413,0.7071801519199176,0.5256252562525625,2016:+0.033;2017:+0.008;2018:+0.034;2019:+0.017;2020:+0.014;2021:-0.008;2022:+0.003;2023:+0.025;2024:+0.015;2025:+0.033,0.0027064958946522175,0.6427443161866429,0.0015523712796977553,1.248591168723724,0.004561189437886228,0.005456806933985982,0.007267685332538447
fixed,REV+LIQ,10,train<2024-08,2169,0.01514267543395765,0.5783294537455302,0.5214384508990318,2016:+0.033;2017:+0.008;2018:+0.034;2019:+0.017;2020:+0.014;2021:-0.008;2022:+0.003;2023:+0.025;2024:+0.008,0.0024700291293321946,0.42572374944276004,0.0013719265189215026,0.8380151153178305,0.004808993316397551,0.005627169206058545,0.007279022445729746
fixed,REV+LIQ,10,test>=2024-08,270,0.030777741908628725,0.48174485813089457,0.5592592592592592,2024:+0.026;2025:+0.033,0.004616550573639436,0.6781022365010135,0.0030126269267512153,1.2549853762435015,0.0025861058831843464,0.004110650832243637,0.007202656456823784
fixed,REV+LIQ,20,full,2429,0.01929274042919673,0.4793815742077354,0.5343762865376698,2016:+0.048;2017:+0.016;2018:+0.018;2019:+0.055;2020:+0.010;2021:-0.012;2022:+0.003;2023:+0.028;2024:+0.001;2025:+0.032,0.00492489862152942,0.6513375065211165,0.0027240933796092333,0.5340875339722113,0.009254754200663462,0.01129795203100808,0.014179652822192882
fixed,REV+LIQ,20,train<2024-08,2169,0.017620240540613605,0.16935872242854602,0.5269709543568465,2016:+0.048;2017:+0.016;2018:+0.018;2019:+0.055;2020:+0.010;2021:-0.012;2022:+0.003;2023:+0.028;2024:-0.020,0.004591901682211779,0.38029179178288036,0.00257595565839379,0.26371206823453475,0.00978237704050346,0.011498949858556099,0.014374278722715237
fixed,REV+LIQ,20,test>=2024-08,260,0.03324524911510752,0.7830662255540799,0.5961538461538461,2024:+0.035;2025:+0.032,0.007686858536674034,0.7345531397396563,0.003958391352412927,0.690504385365954,0.004805826892836484,0.009536699066184054,0.012492685429510519
fixed,REV+LIQ+VOL,5,full,2444,0.013592170612547092,1.2127679327784187,0.5204582651391162,2016:+0.016;2017:+0.002;2018:+0.016;2019:+0.022;2020:+0.024;2021:-0.003;2022:-0.006;2023:+0.028;2024:+0.010;2025:+0.032,0.0018449718675122842,1.5446090844547675,0.001143856646497294,1.949107135689637,0.0020970826641598986,0.002563793060331072,0.003942054531672183
fixed,REV+LIQ+VOL,5,train<2024-08,2169,0.012667562049475847,1.0692427157863138,0.5228215767634855,2016:+0.016;2017:+0.002;2018:+0.016;2019:+0.022;2020:+0.024;2021:-0.003;2022:-0.006;2023:+0.028;2024:+0.016,0.001792064046827435,1.52537755487016,0.0010901824132262966,1.881983121401034,0.00217151738831364,0.0026873889386920006,0.003963581435141075
fixed,REV+LIQ+VOL,5,test>=2024-08,275,0.02088481051546173,0.622002149769816,0.5018181818181818,2024:+0.000;2025:+0.032,0.0022667157567525203,0.3180900832909165,0.0015707500506892925,0.5379616596032503,0.001518328347656984,0.0015939613048371578,0.003785044104409505
fixed,REV+LIQ+VOL,10,full,2439,0.01567287359133323,0.6568803165171593,0.5305453054530546,2016:+0.045;2017:+0.002;2018:+0.018;2019:+0.022;2020:+0.018;2021:-0.012;2022:-0.010;2023:+0.037;2024:+0.001;2025:+0.045,0.003033404909749419,0.9230757862749749,0.0018134155417993119,1.518951140726701,0.0044953246848905845,0.0054778614968240035,0.007528729594640003
fixed,REV+LIQ+VOL,10,train<2024-08,2169,0.013027203014906882,0.48887228817851186,0.5278930382664823,2016:+0.045;2017:+0.002;2018:+0.018;2019:+0.022;2020:+0.018;2021:-0.012;2022:-0.010;2023:+0.037;2024:-0.011,0.002762588560753079,0.8231418252209646,0.0016308554839722447,1.2941918488124775,0.00477536285002741,0.00571963108945997,0.007537951410780489
fixed,REV+LIQ+VOL,10,test>=2024-08,270,0.03692642722195819,0.6142466151154502,0.5518518518518518,2024:+0.021;2025:+0.045,0.00521102003310025,0.4415504741766889,0.0032801895775068576,0.8816608666118786,0.0022591990744791754,0.003548808409767092,0.007470219107579424
fixed,REV+LIQ+VOL,20,full,2429,0.019061776900626666,0.40881750867422845,0.5125566076574722,2016:+0.066;2017:+0.009;2018:+0.001;2019:+0.052;2020:+0.025;2021:-0.013;2022:-0.011;2023:+0.035;2024:-0.012;2025:+0.047,0.005688911670023663,0.6909339973431206,0.003402356433796887,1.1479216802405623,0.009169004206356876,0.011011458602122074,0.014857915876380537
fixed,REV+LIQ+VOL,20,train<2024-08,2169,0.015840295994940527,0.037632554602061344,0.5076071922544951,2016:+0.066;2017:+0.009;2018:+0.001;2019:+0.052;2020:+0.025;2021:-0.013;2022:-0.011;2023:+0.035;2024:-0.045,0.005090860906255427,0.38186894500566504,0.0031066278822150604,0.7729894530006033,0.009814090040281083,0.01135906059524099,0.014904950946536509
fixed,REV+LIQ+VOL,20,test>=2024-08,260,0.04593636184075452,1.053637875033868,0.5538461538461539,2024:+0.044;2025:+0.047,0.010699317376059638,0.9889523500826564,0.0058875917449891235,1.1652934706003402,0.0037225684460270745,0.008051449478703471,0.014421885822086715
walkforward,WF_top5,5,oos>=2023-08-18,525,-0.0003883414983972627,-0.39310411137277834,0.52,2023:-0.009;2024:+0.004;2025:-0.002,-0.0002637995930854231,-0.3339479975713069,-0.000310947943944484,-0.5834965097230234,0.002922903746366501,0.0031384036410599947,0.0026591038331389427
walkforward,WF_top5,10,oos>=2023-08-18,520,0.0032794627085072185,0.023156632192317898,0.4653846153846154,2023:+0.006;2024:-0.002;2025:+0.009,0.0005934423751001346,0.13122902735529082,0.00021348572008619772,-0.05748112941199539,0.005383518085442131,0.005963770984617943,0.005976960460542266
walkforward,WF_top5,20,oos>=2023-08-18,510,-0.0057760305363511,-0.8649179494027232,0.5549019607843138,2023:-0.010;2024:-0.032;2025:+0.037,-0.0006614529821025142,-0.5723170771608838,-0.0001983063751525139,-0.772919877334967,0.012049820570390729,0.011598981819982156,0.011388367588288215
