test_id,test,h,n_days,mean_spread,t_nw,years_pos,n_years,first_half,second_half,long_cell,long_excess,long_net,long_t_nw,yearly,판정
A1|h5,A1,5,2439,0.0008547725155949593,0.9784585652016115,6,10,0.0011712320847436786,0.0005187851493246853,V1Q1,0.00025695646763779223,-0.0017430436564609408,0.47647093898501625,2016:+0.0002;2017:+0.0017;2018:+0.0016;2019:-0.0022;2020:+0.0045;2021:-0.0009;2022:+0.0026;2023:-0.0004;2024:+0.0024;2025:-0.0018,탈락
A2|h5,A2,5,2444,0.001842348137870431,1.9178503447889022,9,10,0.002632457995787263,0.0010028985561802983,V3Q1,0.001158897066488862,-0.0008411030285060406,2.136566703025868,2016:+0.0010;2017:+0.0013;2018:+0.0015;2019:+0.0005;2020:+0.0088;2021:+0.0014;2022:+0.0012;2023:-0.0011;2024:+0.0011;2025:+0.0029,탈락
A3|h5,A3,5,2439,-0.0009489604854024947,-1.553913309966581,5,10,-0.0013679933035746217,-0.0005040698451921344,V1Q1,0.00025695646763779223,-0.0017430436564609408,0.47647093898501625,2016:-0.0008;2017:+0.0005;2018:+0.0001;2019:-0.0027;2020:-0.0039;2021:-0.0024;2022:+0.0014;2023:+0.0007;2024:+0.0013;2025:-0.0047,탈락
B1|h5,B1,5,2387,0.0008204439072869718,1.3596161495014691,8,10,0.0009603661601431668,0.0006758735398761928,G0Q1,0.000640729907900095,-0.0013592701870948076,1.8139014248983474,2016:+0.0006;2017:+0.0017;2018:+0.0015;2019:+0.0003;2020:+0.0007;2021:+0.0007;2022:+0.0016;2023:-0.0000;2024:+0.0019;2025:-0.0015,탈락
B2|h5,B2,5,1547,0.0022665653377771378,1.619803940220716,6,10,0.002930049318820238,0.001713924459181726,G1Q1,0.0020311467815190554,3.1146686524152756e-05,2.251345964064447,2016:+0.0025;2017:-0.0026;2018:+0.0036;2019:-0.0018;2020:+0.0088;2021:+0.0005;2022:+0.0062;2023:-0.0023;2024:-0.0025;2025:+0.0063,탈락
B3|h5,B3,5,1490,4.672659997595474e-05,0.04790979945508434,6,10,0.00022593027097173035,-9.46140571613796e-05,G0Q1,0.000640729907900095,-0.0013592701870948076,1.8139014248983474,2016:-0.0037;2017:+0.0017;2018:-0.0015;2019:+0.0013;2020:+0.0028;2021:+0.0011;2022:-0.0035;2023:+0.0046;2024:+0.0039;2025:-0.0067,탈락
A1|h10,A1,10,2434,0.0007464239024557173,0.5306545522555528,5,10,0.0014296306762844324,1.7979224139708094e-05,V1Q1,0.00014918843226041645,-0.001850811648182571,0.16455731065282092,2016:+0.0043;2017:+0.0025;2018:+0.0061;2019:-0.0016;2020:-0.0041;2021:-0.0020;2022:+0.0018;2023:-0.0023;2024:+0.0035;2025:-0.0012,탈락
A2|h10,A2,10,2439,0.00208779564127326,1.7512778666840938,9,10,0.002641192404553294,0.0014973498182371259,V3Q1,0.001219266327098012,-0.0007807337678968906,1.7395347716284544,2016:+0.0050;2017:+0.0002;2018:+0.0032;2019:+0.0016;2020:+0.0032;2021:+0.0027;2022:+0.0017;2023:-0.0008;2024:+0.0011;2025:+0.0034,탈락
A3|h10,A3,10,2434,-0.0012312816688790917,-1.301014987816557,4,10,-0.001008694525808096,-0.001468607340939343,V1Q1,0.00014918843226041645,-0.001850811648182571,0.16455731065282092,2016:-0.0006;2017:+0.0023;2018:+0.0029;2019:-0.0032;2020:-0.0064;2021:-0.0046;2022:+0.0001;2023:-0.0015;2024:+0.0023;2025:-0.0046,탈락
B1|h10,B1,10,2382,0.0014149707276374102,1.3447330736156238,7,10,0.0017209278885275126,0.0010974972974509,G0Q1,0.000781507755164057,-0.0012184923980385065,1.3400864422830585,2016:+0.0024;2017:+0.0017;2018:+0.0048;2019:+0.0004;2020:-0.0012;2021:+0.0011;2022:+0.0017;2023:-0.0004;2024:+0.0033;2025:-0.0008,탈락
B2|h10,B2,10,1543,0.0009817777900025249,0.5088162868334967,7,10,0.003167360555380583,-0.0008473473135381937,G1Q1,0.0027940028812736273,0.0007940027862787247,1.9725052148933997,2016:+0.0086;2017:-0.0026;2018:+0.0033;2019:+0.0003;2020:+0.0044;2021:+0.0013;2022:+0.0027;2023:-0.0061;2024:-0.0076;2025:+0.0061,탈락
B3|h10,B3,10,1486,0.0013274173252284527,0.8474677411409074,6,10,-0.00043464015470817685,0.00272388500161469,G0Q1,0.000781507755164057,-0.0012184923980385065,1.3400864422830585,2016:-0.0060;2017:+0.0023;2018:+0.0026;2019:-0.0014;2020:+0.0007;2021:+0.0016;2022:-0.0002;2023:+0.0091;2024:+0.0075;2025:-0.0053,탈락
A1|h20,A1,20,2424,0.0015333525370806456,0.8307658769690092,6,10,0.0026859603822231293,0.00029390439158305526,V1Q1,0.0008277151500806212,-0.0011722849449142814,0.6499597459765304,2016:+0.0065;2017:+0.0011;2018:+0.0038;2019:+0.0059;2020:-0.0037;2021:-0.0009;2022:+0.0056;2023:-0.0021;2024:+0.0001;2025:-0.0020,탈락
A2|h20,A2,20,2429,0.004412639886140823,2.44235867383158,8,10,0.006453052628785372,0.002217016415670514,V3Q1,0.002518078777939081,0.0005180786829441786,2.0578366173004397,2016:+0.0086;2017:+0.0001;2018:+0.0047;2019:+0.0076;2020:+0.0111;2021:+0.0039;2022:+0.0084;2023:-0.0013;2024:-0.0018;2025:+0.0017,관찰
A3|h20,A3,20,2424,-0.002734493464231491,-2.0231563392280583,2,10,-0.003500720951706171,-0.0019105362007394433,V1Q1,0.0008277151500806212,-0.0011722849449142814,0.6499597459765304,2016:-0.0022;2017:+0.0009;2018:-0.0010;2019:-0.0018;2020:-0.0135;2021:-0.0048;2022:-0.0029;2023:-0.0006;2024:+0.0019;2025:-0.0037,탈락
B1|h20,B1,20,2372,0.002786537865176797,1.7989192701427463,8,10,0.0035465543624013662,0.001991110388189554,G0Q1,0.001179458457045257,-0.0008205416379496455,1.3893698117381517,2016:+0.0042;2017:+0.0019;2018:+0.0039;2019:+0.0060;2020:+0.0014;2021:+0.0028;2022:+0.0068;2023:-0.0004;2024:+0.0006;2025:-0.0009,탈락
B2|h20,B2,20,1533,0.0024696774780750275,0.9227601241010368,7,10,0.00645946292206645,-0.0009096218855120242,G1Q1,0.0049732704646885395,0.002973270369693637,2.112591818113102,2016:+0.0123;2017:-0.0026;2018:+0.0015;2019:+0.0079;2020:+0.0091;2021:+0.0033;2022:+0.0077;2023:-0.0016;2024:-0.0135;2025:+0.0001,탈락
B3|h20,B3,20,1476,0.0011299869511276484,0.4880168621550995,7,10,-0.0024996227584779263,0.004041651729494333,G0Q1,0.001179458457045257,-0.0008205416379496455,1.3893698117381517,2016:-0.0090;2017:+0.0022;2018:+0.0002;2019:-0.0063;2020:+0.0010;2021:+0.0036;2022:-0.0001;2023:+0.0040;2024:+0.0105;2025:+0.0015,탈락
