event_id,n_events,n_days,n_tickers,in_family
PD_도지,19531,779,490,True
S5_judge,12823,774,490,True
S4_bottom,11721,780,490,True
S1_buy_raw,9851,762,490,True
PD_약세잉걸핑,9842,723,489,True
S3_mom,9081,781,493,True
PD_강세잉걸핑,8398,702,488,True
PD_데드크로스임박,7786,742,490,True
PW_정배열(완전),6097,695,490,True
PM_정배열(완전),6063,718,490,True
S2_buy,5861,612,488,True
PW_정배열(눌림목),5332,734,484,True
PM_정배열(눌림목),5306,741,479,True
PD_골든크로스임박,5029,710,481,True
S6_hard,4654,741,486,True
PD_데드크로스,3536,682,487,True
PD_골든크로스,3518,677,486,True
PW_강세잉걸핑,2907,537,480,True
PD_컵앤핸들,2459,607,463,True
PD_이중천장,2397,651,469,True
PD_이중바닥,2327,629,465,True
PM_정배열(형성중),2128,601,427,True
PW_정배열(형성중),1893,534,434,True
PM_골든크로스,1729,540,440,True
PM_골든크로스임박,1557,497,432,True
PW_골든크로스임박,1544,428,453,True
PD_이브닝스타,1488,412,455,True
S8_top3,1347,694,443,True
PW_이중바닥,1192,498,351,True
PW_골든크로스,1139,415,446,True
PD_모닝스타,1117,371,433,True
PM_강세잉걸핑,943,349,382,True
PW_컵앤핸들,649,253,299,True
S7_top1,556,556,315,True
PD_상승쐐기,310,193,189,True
PW_모닝스타,304,123,230,True
PD_하락쐐기,267,165,174,False
PM_이중바닥,154,105,72,False
PD_대칭삼각형,124,101,96,False
PM_컵앤핸들,107,55,52,False
PD_헤드앤숄더,107,72,92,False
PD_역헤드앤숄더,106,83,91,False
PD_상승삼각형,79,68,70,False
PM_모닝스타,70,53,55,False
PD_하락삼각형,68,63,59,False
PW_역헤드앤숄더,67,54,44,False
PW_하락쐐기,26,24,24,False
PW_상승삼각형,21,21,16,False
PM_역헤드앤숄더,1,1,1,False
