test_id,kind,event_id,h,n_events,n_days,mean_ar,mean_net,hit,t_nw,years_pos,n_years,first_half,second_half,yearly,판정
PD_도지|h5,event,PD_도지,5,19531,779,-0.00020256797572402568,-0.0022025679757240258,0.49162869284726846,-0.40342852057167156,1,4,-0.00020500705652088313,-3.869532114867273e-05,2022:-0.0004;2023:-0.0002;2024:-0.0001;2025:+0.0000,탈락
PD_도지|h10,event,PD_도지,10,19531,779,-0.00042813494298064424,-0.0024281349429806443,0.49106548563821617,-0.9377097895272158,1,4,-0.0007783284811470131,-3.9556348479889665e-05,2022:-0.0021;2023:-0.0008;2024:+0.0008;2025:-0.0007,탈락
PD_도지|h20,event,PD_도지,20,19531,779,-0.00018308087171932134,-0.0021830808717193213,0.48553581485843017,-0.3894912424430166,2,4,-6.545212869457368e-05,-0.0003405132021332638,2022:-0.0019;2023:+0.0001;2024:+0.0003;2025:-0.0004,탈락
S5_judge|h5,event,S5_judge,5,12823,774,0.0003436602502769365,-0.0016563397497230635,0.5012867503704281,0.13726485902828822,2,4,-0.0009425411263840527,0.0011115333801464417,2022:-0.0030;2023:-0.0000;2024:+0.0002;2025:+0.0016,탈락
S5_judge|h10,event,S5_judge,10,12823,774,0.0005849325113092028,-0.0014150674886907974,0.4911487171488731,0.01287376078204425,1,4,-0.001148527915788612,0.0011689019115325213,2022:-0.0002;2023:-0.0005;2024:-0.0012;2025:+0.0025,탈락
S5_judge|h20,event,S5_judge,20,12823,774,4.146073606644822e-05,-0.0019585392639335517,0.4877173828277314,-0.9373842952418578,1,4,-0.0014808510484178195,-0.0010601571630269777,2022:+0.0054;2023:-0.0026;2024:-0.0021;2025:-0.0015,탈락
S4_bottom|h5,event,S4_bottom,5,11721,780,0.0003578360661708844,-0.0016421639338291157,0.4937292039928334,0.34786714469580443,2,4,0.00041626880854066657,-1.1920476487549296e-05,2022:+0.0016;2023:-0.0002;2024:+0.0011;2025:-0.0012,탈락
S4_bottom|h10,event,S4_bottom,10,11721,780,4.077143988972946e-05,-0.0019592285601102706,0.4873304325569491,-0.828408576491716,1,4,-0.0001508488854473075,-0.0012257386488653485,2022:+0.0014;2023:-0.0007;2024:-0.0007;2025:-0.0017,탈락
S4_bottom|h20,event,S4_bottom,20,11721,780,-0.00013017359849972052,-0.0021301735984997207,0.482467366265677,-1.1343011858529253,1,4,-0.0006441753771808781,-0.0020374424138827917,2022:+0.0029;2023:-0.0019;2024:-0.0014;2025:-0.0026,탈락
S1_buy_raw|h5,event,S1_buy_raw,5,9851,762,0.0003607416745266068,-0.0016392583254733932,0.5022840320779616,0.8431854796533714,3,4,0.0007527366753219131,0.0003568655386126915,2022:+0.0006;2023:+0.0012;2024:+0.0006;2025:-0.0004,탈락
S1_buy_raw|h10,event,S1_buy_raw,10,9851,762,-0.0002139994426817332,-0.002213999442681733,0.48807227692620037,-0.13725987846887489,2,4,-0.0004026358716605383,0.00014977590668733952,2022:-0.0012;2023:+0.0002;2024:+0.0007;2025:-0.0013,탈락
S1_buy_raw|h20,event,S1_buy_raw,20,9851,762,-0.0007994687571769928,-0.002799468757176993,0.4860420261902345,-0.7981242664312581,1,4,-0.002649526861898311,-0.0004650197198894709,2022:-0.0052;2023:-0.0023;2024:+0.0011;2025:-0.0026,탈락
PD_약세잉걸핑|h5,event,PD_약세잉걸핑,5,9842,723,0.0001054791420136162,-0.0018945208579863838,0.4974598658809185,0.6990444426606623,3,4,-0.0006738648353068961,0.001807507774706422,2022:+0.0000;2023:-0.0010;2024:+0.0022;2025:+0.0006,탈락
PD_약세잉걸핑|h10,event,PD_약세잉걸핑,10,9842,723,0.0006968318275437358,-0.0013031681724562643,0.5010160536476326,0.19637424591909136,3,4,-0.0011893352848427628,0.001603015367264929,2022:+0.0020;2023:-0.0029;2024:+0.0017;2025:+0.0016,탈락
PD_약세잉걸핑|h20,event,PD_약세잉걸핑,20,9842,723,-0.0005330148948396373,-0.0025330148948396374,0.4875025401341191,0.47149215450720255,2,4,0.00037531614135316566,0.001238517229741968,2022:+0.0048;2023:-0.0019;2024:+0.0050;2025:-0.0032,탈락
S3_mom|h5,event,S3_mom,5,9081,781,-0.00014923799334321162,-0.0021492379933432115,0.4949895385970708,-0.7091422882376845,2,4,0.0007758221983700811,-0.001519214697813112,2022:-0.0006;2023:+0.0013;2024:+0.0000;2025:-0.0030,탈락
S3_mom|h10,event,S3_mom,10,9081,781,-0.0011405792111908982,-0.003140579211190898,0.4860698160995485,-2.1187365295166134,2,4,0.0008554177450162067,-0.004166050576827309,2022:+0.0004;2023:+0.0014;2024:-0.0029;2025:-0.0051,탈락
S3_mom|h20,event,S3_mom,20,9081,781,-0.0005652890048253837,-0.0025652890048253837,0.48562933597621405,-0.9541320338860595,2,4,0.0008794866248505439,-0.0028568067391415556,2022:+0.0004;2023:+0.0014;2024:-0.0022;2025:-0.0033,탈락
PD_강세잉걸핑|h5,event,PD_강세잉걸핑,5,8398,702,0.0001825087475293284,-0.0018174912524706716,0.5004763038818766,0.8874862780700462,3,4,-0.00021393973337548725,0.0017200782519504459,2022:+0.0031;2023:-0.0001;2024:+0.0013;2025:+0.0001,탈락
PD_강세잉걸핑|h10,event,PD_강세잉걸핑,10,8398,702,-0.0007957124922243192,-0.002795712492224319,0.4935698975946654,-0.151677410971233,3,4,-0.0021481417435831817,0.0017997909530261564,2022:+0.0039;2023:-0.0027;2024:+0.0002;2025:+0.0009,탈락
PD_강세잉걸핑|h20,event,PD_강세잉걸핑,20,8398,702,-0.001899918010818645,-0.003899918010818645,0.48487735175041674,-0.7392486094416375,1,4,-0.002404277983916558,-0.0002343451200230205,2022:+0.0082;2023:-0.0058;2024:-0.0001;2025:-0.0010,탈락
PD_데드크로스임박|h5,event,PD_데드크로스임박,5,7786,742,0.0004966141897722144,-0.0015033858102277858,0.4988440791163627,0.04219827674432523,2,4,0.00017756742730809665,-0.000101383870352505,2022:-0.0023;2023:+0.0006;2024:+0.0010;2025:-0.0010,탈락
PD_데드크로스임박|h10,event,PD_데드크로스임박,10,7786,742,0.0001517938814547556,-0.0018482061185452444,0.4920369894682764,-0.564039855007462,1,4,-0.0008802461941108181,-0.0007916468692921986,2022:-0.0021;2023:-0.0013;2024:+0.0014;2025:-0.0028,탈락
PD_데드크로스임박|h20,event,PD_데드크로스임박,20,7786,742,-0.0006101755063398488,-0.0026101755063398487,0.4919085538145389,-0.8583967203507097,1,4,-0.0031445770668818425,-0.0012275110177450781,2022:-0.0008;2023:-0.0049;2024:+0.0016;2025:-0.0045,탈락
PW_정배열(완전)|h5,event,PW_정배열(완전),5,6097,695,-0.00022929510042529977,-0.0022292951004252996,0.5030342791536822,-1.6056463410042763,0,4,-0.0008652009220919098,-0.0017383503088054136,2022:-0.0042;2023:-0.0007;2024:-0.0014;2025:-0.0009,탈락
PW_정배열(완전)|h10,event,PW_정배열(완전),10,6097,695,-0.0005567639075752848,-0.002556763907575285,0.49286534361161227,-1.6559180478478033,0,4,-0.00257090902091512,-0.0014822787913503985,2022:-0.0057;2023:-0.0018;2024:-0.0023;2025:-0.0007,탈락
PW_정배열(완전)|h20,event,PW_정배열(완전),20,6097,695,-0.00254148572838135,-0.00454148572838135,0.4759717894046252,-1.6520861355045915,0,4,-0.0029573236720974692,-0.00328331672066549,2022:-0.0041;2023:-0.0029;2024:-0.0033;2025:-0.0029,탈락
PM_정배열(완전)|h5,event,PM_정배열(완전),5,6063,718,-0.0005852935405535986,-0.0025852935405535986,0.4901863763813294,-1.685119974228548,1,4,-0.0008017911761465132,-0.0017604271610203684,2022:+0.0007;2023:-0.0012;2024:-0.0022;2025:-0.0009,탈락
PM_정배열(완전)|h10,event,PM_정배열(완전),10,6063,718,-0.001061240390388964,-0.003061240390388964,0.4891967672769256,-1.7587140854623535,1,4,-0.0014592207293706106,-0.002771126652311127,2022:+0.0004;2023:-0.0010;2024:-0.0046;2025:-0.0012,탈락
PM_정배열(완전)|h20,event,PM_정배열(완전),20,6063,718,-0.001880202426524253,-0.003880202426524253,0.4827643080983012,-1.7844922312972242,0,4,-0.003215060491552296,-0.0032430058184686533,2022:-0.0085;2023:-0.0029;2024:-0.0036;2025:-0.0011,탈락
S2_buy|h5,event,S2_buy,5,5861,612,4.4658726100425945e-05,-0.0019553412738995742,0.500085309674117,0.2254625187390694,2,4,0.000578573260632645,-0.00015108233868949567,2022:-0.0029;2023:+0.0010;2024:+0.0005;2025:-0.0010,탈락
S2_buy|h10,event,S2_buy,10,5861,612,-0.0006789132411812956,-0.0026789132411812956,0.48541204572598534,-0.355896964986746,2,4,-0.0004505011685925761,-0.0005106914423318152,2022:-0.0102;2023:+0.0001;2024:+0.0000;2025:-0.0013,탈락
S2_buy|h20,event,S2_buy,20,5861,612,-0.0005913247192315714,-0.0025913247192315713,0.4893362907353694,-0.1855183761614117,2,4,-0.00016929592457715464,-0.0007200707228297427,2022:-0.0172;2023:-0.0014;2024:+0.0000;2025:+0.0015,탈락
PW_정배열(눌림목)|h5,event,PW_정배열(눌림목),5,5332,734,-0.00024759028830649056,-0.0022475902883064905,0.4998124531132783,-1.0062624318186149,2,4,-0.0009084645721968703,-0.0008059947203035256,2022:+0.0029;2023:-0.0024;2024:+0.0004;2025:-0.0020,탈락
PW_정배열(눌림목)|h10,event,PW_정배열(눌림목),10,5332,734,-0.0009100605121777584,-0.0029100605121777584,0.4799324831207802,-1.667714829150962,2,4,-0.002316506928211814,-0.0024348538092819434,2022:+0.0046;2023:-0.0053;2024:+0.0010;2025:-0.0058,탈락
PW_정배열(눌림목)|h20,event,PW_정배열(눌림목),20,5332,734,-0.0024481083481453086,-0.004448108348145309,0.47168042010502625,-2.6166581115964838,0,4,-0.007378684305800135,-0.003659200046848758,2022:-0.0086;2023:-0.0081;2024:-0.0021;2025:-0.0057,탈락
PM_정배열(눌림목)|h5,event,PM_정배열(눌림목),5,5306,741,-0.0011914377964032585,-0.0031914377964032585,0.4792687523558236,-1.6128887571562696,1,4,-0.0006932835275648709,-0.00222947918920345,2022:+0.0030;2023:-0.0008;2024:-0.0019;2025:-0.0033,탈락
PM_정배열(눌림목)|h10,event,PM_정배열(눌림목),10,5306,741,-0.0017139075958412806,-0.0037139075958412806,0.47606483226535995,-1.8326673862359393,1,4,-0.001307338230002455,-0.003995713101035356,2022:+0.0028;2023:-0.0021;2024:-0.0035;2025:-0.0042,탈락
PM_정배열(눌림목)|h20,event,PM_정배열(눌림목),20,5306,741,-0.0024254561094890497,-0.004425456109489049,0.46814926498303805,-1.9115880903736087,0,4,-0.0040098689374552954,-0.004708639964042027,2022:-0.0074;2023:-0.0022;2024:-0.0062;2025:-0.0036,탈락
PD_골든크로스임박|h5,event,PD_골든크로스임박,5,5029,710,-0.00021419586805323265,-0.0022141958680532326,0.4837939948299861,-1.0061599506357213,1,4,-0.002137963780097565,0.00013759814733473787,2022:-0.0011;2023:-0.0014;2024:-0.0024;2025:+0.0014,탈락
PD_골든크로스임박|h10,event,PD_골든크로스임박,10,5029,710,0.0009277164188989772,-0.0010722835811010228,0.4979121097633724,-0.6185754550553582,2,4,-0.0016977155636460047,-0.00020308130840448172,2022:-0.0019;2023:+0.0001;2024:-0.0043;2025:+0.0022,탈락
PD_골든크로스임박|h20,event,PD_골든크로스임박,20,5029,710,0.0015820403517741242,-0.00041795964822587584,0.5022867369258301,-1.2832158782497476,1,4,-0.00291415494243647,-0.003142399067489527,2022:+0.0010;2023:-0.0018;2024:-0.0065;2025:-0.0019,탈락
S6_hard|h5,event,S6_hard,5,4654,741,0.0009994865526625333,-0.0010005134473374667,0.5010743446497636,1.765900224944789,3,4,-0.0006265384859756661,0.004112699604391718,2022:-0.0001;2023:+0.0001;2024:+0.0024;2025:+0.0039,탈락
S6_hard|h10,event,S6_hard,10,4654,741,0.0014444623145411096,-0.0005555376854588904,0.49914052428018907,1.1361249414829522,2,4,-0.0026126819579433418,0.0055096568212311325,2022:-0.0052;2023:-0.0016;2024:+0.0032;2025:+0.0059,탈락
S6_hard|h20,event,S6_hard,20,4654,741,0.00018046180288685992,-0.0018195381971131401,0.48861194671250535,-0.16791227638853015,1,4,-0.004478743645307268,0.0038037047118452483,2022:-0.0012;2023:-0.0039;2024:-0.0007;2025:+0.0054,탈락
PD_데드크로스|h5,event,PD_데드크로스,5,3536,682,-0.0005673924247984355,-0.0025673924247984355,0.4901018099547511,-0.7381467749272096,1,4,0.00022367285070585337,-0.0018869255599773223,2022:+0.0064;2023:-0.0014;2024:-0.0011;2025:-0.0028,탈락
PD_데드크로스|h10,event,PD_데드크로스,10,3536,682,-0.0012422524526628936,-0.0032422524526628934,0.4802036199095023,-0.78883046528349,1,4,0.000591487321822903,-0.0034827010403628415,2022:+0.0116;2023:-0.0023;2024:-0.0012;2025:-0.0061,탈락
PD_데드크로스|h20,event,PD_데드크로스,20,3536,682,-0.0023210154040442443,-0.004321015404044244,0.46634615384615385,-0.5332034901311119,1,4,0.0011532697416552745,-0.004279636351511186,2022:+0.0161;2023:-0.0019;2024:-0.0008;2025:-0.0095,탈락
PD_골든크로스|h5,event,PD_골든크로스,5,3518,677,-4.119665231706606e-05,-0.002041196652317066,0.4931779420125071,-0.04963168040844678,3,4,0.000987590658689795,-0.0010790960774152746,2022:+0.0023;2023:+0.0011;2024:+0.0013;2025:-0.0041,탈락
PD_골든크로스|h10,event,PD_골든크로스,10,3518,677,-0.000827326900176235,-0.002827326900176235,0.48749289368959636,-1.5557974337662508,1,4,0.00012635879717885217,-0.004813292020935773,2022:+0.0045;2023:-0.0002;2024:-0.0023;2025:-0.0078,탈락
PD_골든크로스|h20,event,PD_골든크로스,20,3518,677,0.000385179611351109,-0.0016148203886488912,0.49147242751563386,-0.8236966194157995,2,4,0.00011727402931795886,-0.0036708762132814663,2022:+0.0027;2023:+0.0001;2024:-0.0020;2025:-0.0057,탈락
PW_강세잉걸핑|h5,event,PW_강세잉걸핑,5,2907,537,-0.0008984709591516177,-0.0028984709591516177,0.49122807017543857,-2.6091227582519063,1,4,-0.004131755557494297,-0.0033860370501085104,2022:-0.0001;2023:-0.0046;2024:-0.0071;2025:+0.0001,탈락
PW_강세잉걸핑|h10,event,PW_강세잉걸핑,10,2907,537,0.00021031298266367503,-0.001789687017336325,0.48606811145510836,-1.654725218185015,2,4,-0.003941100749896939,-0.004010918890712293,2022:+0.0118;2023:-0.0066;2024:-0.0096;2025:+0.0007,탈락
PW_강세잉걸핑|h20,event,PW_강세잉걸핑,20,2907,537,0.0028249214475100036,0.0008249214475100036,0.499140006879945,-2.083084640517998,1,4,-0.004200522754032267,-0.010555507099091354,2022:+0.0236;2023:-0.0102;2024:-0.0161;2025:-0.0038,탈락
PD_컵앤핸들|h5,event,PD_컵앤핸들,5,2459,607,3.236720756217015e-05,-0.0019676327924378297,0.4920699471329809,-0.41397464461689326,2,4,0.0006109942005006025,-0.001466592418513114,2022:+0.0010;2023:-0.0001;2024:+0.0004;2025:-0.0027,탈락
PD_컵앤핸들|h10,event,PD_컵앤핸들,10,2459,607,-0.0016841583499597737,-0.0036841583499597737,0.4766165107767385,-1.8983345597633847,0,4,-0.0008817115259259462,-0.004972742881479441,2022:-0.0008;2023:-0.0017;2024:-0.0015;2025:-0.0075,탈락
PD_컵앤핸들|h20,event,PD_컵앤핸들,20,2459,607,-0.004740331439450751,-0.006740331439450751,0.4554697031313542,-1.884968458664224,1,4,-0.004558210725971882,-0.004862157051702068,2022:-0.0102;2023:-0.0049;2024:+0.0010;2025:-0.0100,탈락
PD_이중천장|h5,event,PD_이중천장,5,2397,651,-8.338011725465393e-05,-0.002083380117254654,0.4885273258239466,0.06021773743934162,2,4,-0.0005797338289489978,0.0007274518479668109,2022:-0.0018;2023:+0.0011;2024:-0.0004;2025:+0.0003,탈락
PD_이중천장|h10,event,PD_이중천장,10,2397,651,0.00038405350217589373,-0.0016159464978241062,0.4952023362536504,0.3262995911255827,2,4,0.0006721559503509494,0.0004527964533458454,2022:-0.0010;2023:+0.0032;2024:+0.0015;2025:-0.0028,탈락
PD_이중천장|h20,event,PD_이중천장,20,2397,651,0.0003380563654097715,-0.0016619436345902286,0.49436795994993743,0.08527143534580378,2,4,-0.001776253048605933,0.0021202898385393773,2022:-0.0029;2023:+0.0015;2024:+0.0033;2025:-0.0037,탈락
PD_이중바닥|h5,event,PD_이중바닥,5,2327,629,-0.0008443029069942863,-0.0028443029069942865,0.492049849591749,-2.0265344265058935,0,4,-0.0024044243167288364,-0.0019022439269440496,2022:-0.0025;2023:-0.0036;2024:-0.0009;2025:-0.0019,탈락
PD_이중바닥|h10,event,PD_이중바닥,10,2327,629,0.0002409922863748802,-0.0017590077136251199,0.49763644177051997,-0.11453984937707129,2,4,-0.0021123234984371476,0.0017625939287267967,2022:-0.0037;2023:-0.0033;2024:+0.0008;2025:+0.0038,탈락
PD_이중바닥|h20,event,PD_이중바닥,20,2327,629,-0.00046801831595636985,-0.0024680183159563698,0.49290932531155995,-0.8784151474145276,2,4,-0.003135086215116611,-0.0003046664766617721,2022:+0.0020;2023:-0.0075;2024:+0.0016;2025:-0.0004,탈락
PM_정배열(형성중)|h5,event,PM_정배열(형성중),5,2128,601,0.0003219198006765364,-0.0016780801993234637,0.5009398496240601,0.032566810459031724,3,4,0.0011823872731679874,-0.0010869639937645982,2022:+0.0006;2023:+0.0019;2024:+0.0005;2025:-0.0041,탈락
PM_정배열(형성중)|h10,event,PM_정배열(형성중),10,2128,601,-0.0005091217949031949,-0.002509121794903195,0.4981203007518797,-0.8244031398645456,2,4,0.0012907947987848933,-0.004571908752853619,2022:+0.0008;2023:+0.0024;2024:-0.0009;2025:-0.0110,탈락
PM_정배열(형성중)|h20,event,PM_정배열(형성중),20,2128,601,0.00036912246338940947,-0.0016308775366105906,0.48355263157894735,-0.1840266162471424,2,4,0.001182403649057939,-0.002374386731442192,2022:+0.0047;2023:+0.0015;2024:-0.0011;2025:-0.0065,탈락
PW_정배열(형성중)|h5,event,PW_정배열(형성중),5,1893,534,0.0005186325668845321,-0.001481367433115468,0.5013206550449023,-0.44324070417212025,3,4,0.0010699150425383971,-0.002305100051922112,2022:+0.0006;2023:+0.0017;2024:+0.0010;2025:-0.0071,탈락
PW_정배열(형성중)|h10,event,PW_정배열(형성중),10,1893,534,-0.00028358336509251304,-0.002283583365092513,0.4923402007395668,-1.1941451649141273,2,4,-0.00015206448223195455,-0.005367756065050335,2022:+0.0004;2023:+0.0013;2024:-0.0003;2025:-0.0141,탈락
PW_정배열(형성중)|h20,event,PW_정배열(형성중),20,1893,534,0.0006181538834684891,-0.001381846116531511,0.4722662440570523,-0.4676270028867706,3,4,0.0009076557470000207,-0.004384465754336088,2022:+0.0033;2023:+0.0023;2024:+0.0014;2025:-0.0149,탈락
PM_골든크로스|h5,event,PM_골든크로스,5,1729,540,-0.0006406978108882225,-0.0026406978108882225,0.5020242914979757,-0.2432846907753066,2,4,-0.0009116845981251709,0.0003622585726461122,2022:+0.0008;2023:-0.0011;2024:+0.0005;2025:-0.0006,탈락
PM_골든크로스|h10,event,PM_골든크로스,10,1729,540,-0.00023093860925970497,-0.002230938609259705,0.48640832851359167,0.07329242453225127,3,4,-0.00041325310812675346,0.0006603359779400204,2022:+0.0074;2023:-0.0024;2024:+0.0003;2025:+0.0002,탈락
PM_골든크로스|h20,event,PM_골든크로스,20,1729,540,-0.003707802685096294,-0.005707802685096294,0.45228455754771546,-2.034377157542276,1,4,-0.007170125412903816,-0.004382036168329643,2022:+0.0078;2023:-0.0106;2024:-0.0040;2025:-0.0074,탈락
PM_골든크로스임박|h5,event,PM_골든크로스임박,5,1557,497,-0.0002602240567280146,-0.0022602240567280146,0.49582530507385997,-1.6010603207688556,1,4,-0.0005549996047219188,-0.0035819913096708073,2022:+0.0039;2023:-0.0017;2024:-0.0035;2025:-0.0042,탈락
PM_골든크로스임박|h10,event,PM_골든크로스임박,10,1557,497,-0.0017517056839366078,-0.003751705683936608,0.4861913937058446,-1.269792712367694,1,4,-0.0018548768845169537,-0.0028669293131611527,2022:+0.0058;2023:-0.0042;2024:-0.0026;2025:-0.0041,탈락
PM_골든크로스임박|h20,event,PM_골든크로스임박,20,1557,497,-0.0023804456972541096,-0.00438044569725411,0.46885035324341684,-0.5064682319970943,1,4,-0.001934386089586097,-0.0013338405581891444,2022:+0.0122;2023:-0.0056;2024:-0.0002;2025:-0.0055,탈락
PW_골든크로스임박|h5,event,PW_골든크로스임박,5,1544,428,-0.0014080372279475944,-0.0034080372279475944,0.4727979274611399,-1.407272451909984,1,4,-0.0033695442481032367,-0.0008664817202692885,2022:-0.0043;2023:-0.0027;2024:+0.0029;2025:-0.0055,탈락
PW_골든크로스임박|h10,event,PW_골든크로스임박,10,1544,428,-0.0007889133153150486,-0.002788913315315049,0.4727979274611399,-0.6368883238903226,2,4,-0.002660568719366321,-0.0001241538986820988,2022:+0.0003;2023:-0.0031;2024:+0.0071;2025:-0.0090,탈락
PW_골든크로스임박|h20,event,PW_골든크로스임박,20,1544,428,-0.0015144064685078424,-0.003514406468507842,0.4734455958549223,-0.5758861692479269,2,4,-0.0012640552697251633,-0.0025508714715103504,2022:+0.0026;2023:-0.0012;2024:+0.0070;2025:-0.0145,탈락
PD_이브닝스타|h5,event,PD_이브닝스타,5,1488,412,-0.0012315992569772083,-0.0032315992569772085,0.4946236559139785,0.2009795204004577,2,4,-0.0014223665826985144,0.001950789747786259,2022:+0.0008;2023:-0.0007;2024:-0.0017;2025:+0.0041,탈락
PD_이브닝스타|h10,event,PD_이브닝스타,10,1488,412,-0.0007972795603826473,-0.002797279560382647,0.489247311827957,-0.16813558419663824,1,4,-0.0012941425792172402,0.0005740638335240932,2022:-0.0008;2023:-0.0024;2024:-0.0016;2025:+0.0039,탈락
PD_이브닝스타|h20,event,PD_이브닝스타,20,1488,412,-0.0027677073056745194,-0.00476770730567452,0.4852150537634409,-2.3537458082705247,0,4,-0.004185498933367793,-0.008302822714501017,2022:-0.0069;2023:-0.0054;2024:-0.0064;2025:-0.0068,탈락
S8_top3|h5,event,S8_top3,5,1347,694,0.0008706065268707593,-0.0011293934731292409,0.4951744617668894,0.5094981606708308,3,4,-0.0009128294953269173,0.0021570565406571767,2022:+0.0028;2023:-0.0015;2024:+0.0015;2025:+0.0015,탈락
S8_top3|h10,event,S8_top3,10,1347,694,0.0019174403151630544,-8.255968483694568e-05,0.5003711952487008,0.6160579504201891,2,4,-0.002481270225616856,0.0048958599033289306,2022:-0.0009;2023:-0.0028;2024:+0.0008;2025:+0.0084,탈락
S8_top3|h20,event,S8_top3,20,1347,694,0.002319524164751883,0.000319524164751883,0.4929472902746845,0.8307790314376542,3,4,0.001905170627760608,0.0028726241912153494,2022:+0.0008;2023:+0.0034;2024:-0.0028;2025:+0.0088,탈락
PW_이중바닥|h5,event,PW_이중바닥,5,1192,498,0.00013909169655974886,-0.001860908303440251,0.4899328859060403,0.48519260970467376,3,4,0.0006125945657567897,0.0008178099357849868,2022:+0.0037;2023:+0.0012;2024:-0.0020;2025:+0.0027,탈락
PW_이중바닥|h10,event,PW_이중바닥,10,1192,498,-0.0010330742735860014,-0.0030330742735860013,0.47818791946308725,-0.5094831682654696,0,4,-0.0021671592509696883,0.00043010999129352776,2022:-0.0007;2023:-0.0002;2024:-0.0014;2025:-0.0010,탈락
PW_이중바닥|h20,event,PW_이중바닥,20,1192,498,-0.0024095098297023656,-0.004409509829702366,0.46560402684563756,-1.0508508657309823,1,4,-0.004921074929730252,-0.0020287270543064033,2022:+0.0116;2023:-0.0050;2024:-0.0053;2025:-0.0032,탈락
PW_골든크로스|h5,event,PW_골든크로스,5,1139,415,-0.0005544627116794774,-0.0025544627116794775,0.4890254609306409,-0.8273435714228353,2,4,0.00020504458879017017,-0.00239341357090397,2022:+0.0009;2023:+0.0005;2024:-0.0041;2025:-0.0001,탈락
PW_골든크로스|h10,event,PW_골든크로스,10,1139,415,-0.00018816846320912444,-0.0021881684632091246,0.4995610184372256,-0.4795020593816889,2,4,0.00425484450832751,-0.006456481512309158,2022:+0.0009;2023:+0.0064;2024:-0.0068;2025:-0.0049,탈락
PW_골든크로스|h20,event,PW_골든크로스,20,1139,415,-0.0017007041797780546,-0.0037007041797780544,0.47585601404741,-1.2393413124161639,1,4,-0.0011326495232095036,-0.006823165344978271,2022:+0.0050;2023:-0.0026;2024:-0.0064;2025:-0.0075,탈락
PD_모닝스타|h5,event,PD_모닝스타,5,1117,371,-0.001573547331284732,-0.003573547331284732,0.4897045658012534,-0.2969039457420965,2,4,-0.0006893279565824301,-0.0001704818640790247,2022:-0.0038;2023:+0.0005;2024:-0.0018;2025:+0.0009,탈락
PD_모닝스타|h10,event,PD_모닝스타,10,1117,371,-0.0022142590848270873,-0.004214259084827088,0.4780662488809311,-0.48115749444158384,1,4,-0.001566478177569593,-0.0003389014552918247,2022:-0.0066;2023:-0.0009;2024:+0.0008;2025:-0.0017,탈락
PD_모닝스타|h20,event,PD_모닝스타,20,1117,371,-0.0025791553995993853,-0.004579155399599385,0.4476275738585497,-0.28532812581372835,1,4,-0.005380419933876044,0.0036944912667533575,2022:-0.0071;2023:-0.0036;2024:-0.0001;2025:+0.0039,탈락
PM_강세잉걸핑|h5,event,PM_강세잉걸핑,5,943,349,-0.002743162721428305,-0.004743162721428305,0.45705196182396607,-1.4070244388863091,1,4,-0.00239764514196815,-0.002149910250806159,2022:+0.0060;2023:-0.0025;2024:-0.0034;2025:-0.0023,탈락
PM_강세잉걸핑|h10,event,PM_강세잉걸핑,10,943,349,-0.0012772508702125578,-0.003277250870212558,0.4528101802757158,-0.004349474588681153,3,4,-0.0002729626277601365,0.00024496091265292097,2022:+0.0061;2023:+0.0003;2024:-0.0044;2025:+0.0036,탈락
PM_강세잉걸핑|h20,event,PM_강세잉걸핑,20,943,349,0.0001986223610021224,-0.0018013776389978777,0.48462354188759277,0.5612286975381902,2,4,0.0036580423005264985,2.7489696354725616e-05,2022:-0.0002;2023:+0.0064;2024:-0.0033;2025:+0.0011,탈락
PW_컵앤핸들|h5,event,PW_컵앤핸들,5,649,253,-0.0018029743380629415,-0.0038029743380629416,0.45454545454545453,-0.9767492130560075,2,4,-0.00424083904880618,0.0006002233586079072,2022:+0.0035;2023:-0.0035;2024:+0.0003;2025:-0.0031,탈락
PW_컵앤핸들|h10,event,PW_컵앤핸들,10,649,253,-0.003937671528646101,-0.005937671528646101,0.4745762711864407,-2.036259247322864,0,4,-0.0065970236338069406,-0.0032017654987309976,2022:-0.0054;2023:-0.0052;2024:-0.0032;2025:-0.0071,탈락
PW_컵앤핸들|h20,event,PW_컵앤핸들,20,649,253,-0.010261653956245294,-0.012261653956245294,0.43759630200308164,-2.958691747574422,0,4,-0.013487610811797786,-0.010102975999249673,2022:-0.0249;2023:-0.0115;2024:-0.0063;2025:-0.0195,탈락
S7_top1|h5,event,S7_top1,5,556,556,0.0014033232357484775,-0.0005966767642515225,0.5035971223021583,0.7931578805903482,4,4,-0.0006179276150045498,0.0034245740865015044,2022:+0.0008;2023:+0.0006;2024:+0.0006;2025:+0.0041,탈락
S7_top1|h10,event,S7_top1,10,556,556,0.0022640844234522893,0.0002640844234522892,0.5053956834532374,0.8181143748832509,2,4,-0.002051531488141175,0.0065797003350457515,2022:-0.0021;2023:-0.0003;2024:+0.0007;2025:+0.0102,탈락
S7_top1|h20,event,S7_top1,20,556,556,0.003660347589923353,0.0016603475899233532,0.49460431654676257,0.907190122963707,3,4,0.003206049272617792,0.0041146459072289145,2022:+0.0022;2023:+0.0051;2024:-0.0048;2025:+0.0147,탈락
PD_상승쐐기|h5,event,PD_상승쐐기,5,310,193,0.0020417350234379615,4.173502343796142e-05,0.5032258064516129,0.24308869163184785,3,4,-0.009284573273943995,0.011323753446185617,2022:+0.0023;2023:-0.0175;2024:+0.0019;2025:+0.0155,탈락
PD_상승쐐기|h10,event,PD_상승쐐기,10,310,193,0.006498031609776915,0.004498031609776915,0.5096774193548387,0.5775264928497748,3,4,-0.004623728910625935,0.013607975661325707,2022:+0.0162;2023:-0.0298;2024:+0.0143;2025:+0.0175,탈락
PD_상승쐐기|h20,event,PD_상승쐐기,20,310,193,0.01508143147118951,0.01308143147118951,0.5161290322580645,1.169863854023469,3,4,0.01319595866649576,0.009446065211172784,2022:+0.0363;2023:-0.0245;2024:+0.0249;2025:+0.0150,탈락
PW_모닝스타|h5,event,PW_모닝스타,5,304,123,0.001635238964346544,-0.000364761035653456,0.46381578947368424,0.4904920047564884,2,4,-0.0015072416142837407,0.004144271099275452,2022:+0.0097;2023:-0.0015;2024:+0.0038;2025:-0.0004,탈락
PW_모닝스타|h10,event,PW_모닝스타,10,304,123,0.005261470859648072,0.003261470859648072,0.4967105263157895,1.0707119588319813,4,4,0.005329598698292487,0.0038446815060175113,2022:+0.0260;2023:+0.0030;2024:+0.0007;2025:+0.0021,탈락
PW_모닝스타|h20,event,PW_모닝스타,20,304,123,0.0037809917897078747,0.0017809917897078746,0.4901315789473684,0.5990622535244862,3,4,0.00672764585119392,-7.830699126721793e-05,2022:+0.0256;2023:+0.0037;2024:+0.0016;2025:-0.0036,탈락
C1_매수적합도|h5,score_ic,C1_매수적합도,5,781,781,0.0008433932251488604,0.0008433932251488604,0.5198463508322664,0.08642225042229973,2,4,-0.006502059455177852,0.008170059581484966,2022:-0.0020;2023:-0.0158;2024:+0.0116;2025:+0.0101,탈락
C1_매수적합도|h10,score_ic,C1_매수적합도,10,781,781,-0.006413907636232095,-0.006413907636232095,0.5108834827144686,-0.4962509547098765,1,4,-0.015279175106760471,0.0024286865159573326,2022:-0.0144;2023:-0.0272;2024:+0.0131;2025:-0.0009,탈락
C1_매수적합도|h20,score_ic,C1_매수적합도,20,781,781,-0.016270236705570467,-0.016270236705570467,0.5134443021766966,-0.9871059579470662,1,4,-0.027404822402337277,-0.005164128210074154,2022:-0.0589;2023:-0.0277;2024:+0.0106;2025:-0.0159,탈락
C2_바닥반등_적합도|h5,score_ic,C2_바닥반등_적합도,5,781,781,0.0028982021979774572,0.0028982021979774572,0.49167733674775926,0.4230114596585895,3,4,-0.001494034598878082,0.0072792056526415514,2022:-0.0140;2023:+0.0015;2024:+0.0071;2025:+0.0076,탈락
C2_바닥반등_적합도|h10,score_ic,C2_바닥반등_적합도,10,781,781,-0.008505392420456653,-0.008505392420456653,0.4622279129321383,-0.9937876057936998,1,4,-0.01199509350930361,-0.005024616398333089,2022:-0.0251;2023:-0.0105;2024:+0.0001;2025:-0.0091,탈락
C2_바닥반등_적합도|h20,score_ic,C2_바닥반등_적합도,20,781,781,-0.02178674550521701,-0.02178674550521701,0.4225352112676056,-2.2271043537807484,0,4,-0.016948036101256978,-0.026613079693310133,2022:-0.0292;2023:-0.0165;2024:-0.0171;2025:-0.0316,탈락
C3_모멘텀_적합도|h5,score_ic,C3_모멘텀_적합도,5,781,781,-0.002552290904728113,-0.002552290904728113,0.5057618437900128,-0.24618671586753063,2,4,-0.010336167335125756,0.00521167791331557,2022:-0.0067;2023:-0.0202;2024:+0.0121;2025:+0.0034,탈락
C3_모멘텀_적합도|h10,score_ic,C3_모멘텀_적합도,10,781,781,-0.007592765546092109,-0.007592765546092109,0.5134443021766966,-0.5512067411406928,1,4,-0.017444450501964286,0.002233723284573233,2022:-0.0182;2023:-0.0295;2024:+0.0139;2025:-0.0018,탈락
C3_모멘텀_적합도|h20,score_ic,C3_모멘텀_적합도,20,781,781,-0.015407274557448824,-0.015407274557448824,0.5134443021766966,-0.8561218936731703,1,4,-0.02827173390273003,-0.002575716642718213,2022:-0.0601;2023:-0.0290;2024:+0.0128;2025:-0.0128,탈락
