factor,horizon,Q1,Q2,Q3,Q4,Q5,Q5_minus_Q1,spread_t_nonoverlap,monotonic
ret_1d,5,0.0035827751824331947,0.0030110894419474034,0.002737355445637015,0.0024822516011359635,0.0021797055320165507,-0.001403069650416643,-0.0026269970799759537,True
ret_5d,5,0.00360709547456239,0.0029522973767133233,0.002826590914946166,0.0025648267123188936,0.0020449730444696886,-0.0015621224300927017,-1.2994589382700479,True
ret_10d,5,0.0034407426532779705,0.002942106613017157,0.0027776196695734564,0.0026497862486579006,0.0021883145366078703,-0.0012524281166700999,-0.9846940496630306,True
ret_21d,5,0.0034687783006380735,0.0030227147915208564,0.002796638229528007,0.0026001553162522616,0.0020967293329516687,-0.0013720489676864055,-1.032896552360609,True
ret_63d,5,0.0035855528415722447,0.002980200365938789,0.0026141093672003295,0.002407762110277466,0.002393230015042474,-0.0011923228265297695,-1.0748919321730004,True
ret_126d,5,0.0030505597827559846,0.002706348576130605,0.0027851810592218625,0.002846561675762085,0.0025814479490522423,-0.00046911183370374274,-0.15575795495611186,False
ret_252d,5,0.003183912289074299,0.0027805617817268083,0.002907395941554948,0.0025570419170979973,0.0025300773499485406,-0.0006538349391257592,-0.5003587918501379,False
mom_12_1,5,0.0030798230444030825,0.0028423190749520795,0.002888349843518695,0.002434473314956859,0.002713604398971679,-0.00036621864543140285,-0.44477918682954537,False
mom_6_1,5,0.002966650267276021,0.002858480759179152,0.0026538103734046977,0.002726012770082671,0.0027623371833426376,-0.0002043130839333838,-0.12290256650304784,False
resid_mom_12_1,5,0.002694003164524347,0.0027649427673738635,0.002828612848898968,0.002592095697507949,0.002833946327011617,0.00013994316248726977,-0.007805742176290229,False
resid_ret_5d,5,0.0034721448441852264,0.002936194665357218,0.0027598789124339894,0.0026844627443057935,0.0021213640286709672,-0.0013507808155142596,-1.5382617746204232,True
resid_ret_21d,5,0.003546363103584711,0.0029158533815747964,0.0027284811903086287,0.0025228988839373326,0.0022516546853696457,-0.0012947084182150651,-1.438827912082773,True
gap_high_10,5,0.0036484554866045692,0.0030654114886456683,0.002717169032919501,0.002414890676308633,0.00215368807663683,-0.001494767409967739,-1.0927198619492604,True
gap_high_252,5,0.0034097562617904672,0.0028835838504950658,0.002767863017578271,0.00256986199313001,0.0023131125094620476,-0.0010966437523284194,-0.6824883865593679,True
gap_low_252,5,0.0028576841767265835,0.002716810044377794,0.002913363558624823,0.002665693269621195,0.0027857598074390003,-7.192436928758323e-05,0.09466667805152336,False
vol_20,5,0.0023150168734772155,0.0022453457771294837,0.0030043592218801946,0.0032169955797155983,0.0032012846294139784,0.000886267755936763,0.8259793285284636,False
vol_60,5,0.0024230323826056766,0.002288788304499986,0.0028738434849517732,0.0030363408280213748,0.0033566160624345764,0.0009335836798288996,0.7477568011559074,False
atr_pct_14,5,0.0023878580527441793,0.002337885535898131,0.0026968849386010733,0.0033389783569727064,0.0032335033598794656,0.0008456453071352864,0.6826110479972215,False
idio_vol_60,5,0.0028052853076716263,0.002619517926565724,0.0027552839026189053,0.0028033308054048753,0.0029647025953225105,0.0001594172876508846,0.2689902526317898,False
beta_252,5,0.0020905190544773075,0.0024692522797123183,0.0026482071531167602,0.0031447015213349285,0.003609093625108825,0.0015185745706315166,0.9688436110173932,True
max_ret_21,5,0.0024619633527296113,0.0024596656700507638,0.0028002128554286284,0.0031598428455087376,0.003095815161004739,0.0006338518082751281,0.7731370983230316,False
log_dollar_vol_20,5,0.0024236898555879886,0.002542006844057006,0.0030622514126086194,0.0027912834734218025,0.0031641918116084456,0.0007405019560204563,1.2459142021613683,False
vol_trend,5,0.0031419113974572328,0.003022898433976718,0.0027074958092767293,0.002697534281862939,0.002410646828581062,-0.0007312645688761703,-1.647714417818376,True
amihud_20,5,0.0030116673001855283,0.002792166952932051,0.0028087164684927404,0.0028802066943804257,0.002506407398218344,-0.0005052599019671844,-0.7831390300075186,False
vol_ratio_5_20,5,0.002768840287405073,0.0028209570968066857,0.002906221248745386,0.0028417379745247725,0.00265056902272431,-0.00011827126468076288,0.43022851249354116,False
close_vs_sma50,5,0.003532083649203501,0.002928651175094079,0.002665673530688161,0.002577667942564307,0.0022772915777575743,-0.0012547920714459267,-0.8377455903396,True
close_vs_sma200,5,0.002990091181420136,0.002919431891326699,0.002744554353426073,0.002848509746244946,0.002455212756641505,-0.0005348784247786315,-0.3249475856701057,False
rsi_14,5,0.0034177909730078284,0.0029892347071440485,0.002891018982364257,0.0025170876267838374,0.0021768392200800565,-0.0012409517529277723,-0.8714044830801283,True
ret_5d_sn,5,0.0038693281024040744,0.0033037826843428132,0.002972981882059679,0.0028977933109162056,0.002687427579540017,-0.001181900522864057,-1.4188670051308565,True
ret_21d_sn,5,0.0037964420844178027,0.0033247944605192922,0.0028450533511708035,0.0030014089135233057,0.0027588673311758354,-0.0010375747532419676,-1.1629766999341138,False
mom_12_1_sn,5,0.003827668397448975,0.0030952791111943405,0.0029309772703724718,0.0027611239054503227,0.0030576794664651866,-0.0007699889309837879,-0.9170837592507428,False
resid_mom_12_1_sn,5,0.0035624111033544666,0.002788264767706196,0.002995528554671001,0.0028751945701990314,0.0032536878340350436,-0.0003087232693194229,-0.5428731635372103,False
vol_60_sn,5,0.0029247603804664355,0.002599705197040261,0.0027538158076927956,0.003339223878416218,0.004094971304433668,0.0011702109239672325,1.393913867376849,False
log_dollar_vol_20_sn,5,0.0032172780332609375,0.0032807523957705128,0.003184189495090594,0.0028390925333269808,0.0032099818620627903,-7.296171198147373e-06,0.02937065870450611,False
gap_high_10_sn,5,0.004087678747928651,0.003283832710519081,0.0028004755824457103,0.002832389907828895,0.002732553860802777,-0.0013551248871258741,-1.786953591489205,False
ret_1d,10,0.006841364899484466,0.005903571967367124,0.005479044024220007,0.005336257433815276,0.005017198737514748,-0.0018241661619697188,0.7039587394483188,True
ret_5d,10,0.006932425553936575,0.005757029539820986,0.005718578204563059,0.00530948947011735,0.00486603757284812,-0.002066387981088456,-0.1105964427171158,True
ret_10d,10,0.006901292587901198,0.0060495628422283084,0.005514513500379824,0.005247807559799321,0.004872518766521214,-0.002028773821379985,-0.7609892319713152,True
ret_21d,10,0.006949091857909274,0.0061970082130736815,0.005704120336727615,0.005105825740427558,0.004606200045835271,-0.002342891812074003,-0.4683961129325562,True
ret_63d,10,0.007178865765460407,0.006080403349479016,0.0053236144285393056,0.005132383314068449,0.004835696285785526,-0.002343169479674882,-1.5025290705225431,True
ret_126d,10,0.006375399351259661,0.005648710742403121,0.005700547528995926,0.005564063724773597,0.0052401984940641695,-0.0011352008571954909,-0.24833508940375462,False
ret_252d,10,0.006683031234318066,0.005710856918586624,0.005866049593737364,0.005162267725582129,0.005092723164264084,-0.0015903080700539825,-0.5547643963268366,False
mom_12_1,10,0.006420276071094074,0.005919928428064567,0.005839156668982925,0.004937168124192194,0.00539721820747821,-0.0010230578636158671,-0.5171513213379995,False
mom_6_1,10,0.006237009625580552,0.0058655718409492755,0.005495795629283237,0.0055509879039390645,0.005376825055824165,-0.000860184569756387,-0.32710407727611324,False
resid_mom_12_1,10,0.005521538074522469,0.0055866385262835485,0.00559940171512839,0.005191593466324995,0.005503156593803304,-1.8381480719165316e-05,-0.11884329245345042,False
resid_ret_5d,10,0.006634189337275389,0.005957002983038962,0.0056004729154612715,0.005406634458818772,0.004934926012071783,-0.0016992633252036066,-0.6582818362411281,True
resid_ret_21d,10,0.006987204019766286,0.005986144491757248,0.0054967475770443175,0.0050411079719846754,0.005002971090487,-0.0019842329292792875,-0.7142720216574728,True
gap_high_10,10,0.007208010837865176,0.006008192751772698,0.0055819459204833905,0.00499036462568612,0.004797398167990756,-0.0024106126698744184,-0.576039329748472,True
gap_high_252,10,0.007028662424399956,0.0059776896294727955,0.005588443648253763,0.00514333211025391,0.00474842436374483,-0.002280238060655126,-0.8074582916039674,True
gap_low_252,10,0.005609373236264913,0.005467323020064627,0.005813551527757337,0.005539701584648269,0.0060393132723399615,0.0004299400360750484,0.741281488683528,False
vol_20,10,0.004608453343589822,0.004617443107535974,0.006040983374112162,0.006406661397594824,0.006877892130508717,0.002269438786918895,1.1295647854626767,True
vol_60,10,0.004821527009690487,0.004583075187661671,0.005834861544975138,0.006230880338182893,0.007069487945105756,0.0022479609354152707,0.9531145985058204,False
atr_pct_14,10,0.004692510301350785,0.0048278441497210875,0.00562462462532566,0.0065612912455791424,0.006861428087749061,0.002168917786398275,0.908844167154974,True
idio_vol_60,10,0.005683401944516416,0.005322131695517572,0.005562950614867652,0.005747131661576377,0.006165237376418696,0.00048183543190228044,0.3944892656641879,False
beta_252,10,0.004132389687256006,0.005044854969349027,0.005286432053416174,0.006562055382409179,0.007480430273064096,0.003348040585808093,1.1489587266666437,True
max_ret_21,10,0.005106505295905098,0.005096107287827415,0.005583672502906098,0.0063004619730481,0.006459600489589217,0.0013530951936841183,0.8660919860049198,False
log_dollar_vol_20,10,0.004969903806757614,0.005221568604468914,0.00628552330048575,0.005678895037015518,0.006395426034439852,0.0014255222276822372,1.343102193310619,False
vol_trend,10,0.006406527349990589,0.006076251674567291,0.005627970976182669,0.005353845275564801,0.005081535794478762,-0.0013249915555118268,-1.031695858698818,True
amihud_20,10,0.006067588325635799,0.0056130639763531005,0.005799745250164075,0.005903288626365904,0.005209068125795242,-0.0008585201998405583,-0.6956129249334105,False
vol_ratio_5_20,10,0.005620907572844057,0.005770330201604644,0.005886783460477212,0.005827214384872488,0.005454493683938515,-0.0001664138889055417,0.13795487074892646,False
close_vs_sma50,10,0.007137185198729547,0.006155705605017056,0.005428208744859554,0.005152577110557615,0.0046804744953684255,-0.002456710703361122,-0.7846243007489234,True
close_vs_sma200,10,0.006224670003115693,0.00608343978005095,0.005485661979646511,0.005626285116716772,0.0050840834488097035,-0.0011405865543059899,-0.39552966426048053,False
rsi_14,10,0.006780528159922146,0.006183825164370007,0.005736086457190935,0.005128342464987081,0.00474922523152351,-0.0020313029283986353,-0.2612301255580183,True
ret_5d_sn,10,0.007578616475727454,0.006553537833595132,0.0059332218041088895,0.005841634513273982,0.006159879932243395,-0.0014187365434840575,-0.8268978791108923,False
ret_21d_sn,10,0.007545267615458578,0.006600096425308939,0.0059647197760922185,0.006003089997049874,0.005937358336384032,-0.0016079092790745476,-0.8005418628551175,False
mom_12_1_sn,10,0.007925766394732846,0.006507522617134623,0.005860723457857376,0.005583251815586228,0.006071126002381354,-0.0018546403923514901,-0.9999647545549497,False
resid_mom_12_1_sn,10,0.007193301258004852,0.005791054671283327,0.005979581240924753,0.0056119513766374795,0.00640431781806215,-0.0007889834399427036,-0.579132552280116,False
vol_60_sn,10,0.0059354896036707345,0.00521396321526976,0.005493190994471209,0.006835465530127468,0.008540028189089414,0.0026045385854186797,1.4478595324287824,False
log_dollar_vol_20_sn,10,0.006558981830220015,0.0066949516118092935,0.006407016202980269,0.0059361896058366765,0.00645879378808292,-0.00010018804213709504,-0.08948654541416655,False
gap_high_10_sn,10,0.008064269319734923,0.0064076355989097595,0.005830751137366579,0.005894071837777181,0.005880932066958289,-0.002183337252776633,-1.5221113111230424,False
ret_1d,20,0.012766150195139997,0.011629824457126464,0.011227395875379863,0.01088978112545789,0.010771897518173772,-0.0019942526769662233,0.8783571247178269,True
ret_5d,20,0.013332062634243788,0.01178427098625504,0.011552033945136143,0.010652466774960463,0.009972691988226902,-0.0033593706460168845,-0.14901457948106905,True
ret_10d,20,0.013465708743404442,0.012175166822032726,0.011364800564504963,0.010319334766461293,0.009962674237455558,-0.0035030345059488804,-0.3742647775837755,True
ret_21d,20,0.013298785494274932,0.012547397649030503,0.011474809608413976,0.010620071808070673,0.0093331583009938,-0.00396562719328113,0.1722151700686948,True
ret_63d,20,0.013375331129848686,0.012203276007283772,0.010806204498216943,0.010833205616901495,0.010018897587863689,-0.003356433541984999,-0.87117094692267,False
ret_126d,20,0.012517391498010805,0.011455298328956306,0.01155728001036363,0.011102582936423232,0.010552657401673457,-0.0019647340963373475,-0.22598905997892216,False
ret_252d,20,0.013381763753243422,0.01163406678100046,0.011593166023993746,0.010480559319248031,0.010093987206841083,-0.003287776546402339,-0.48099009710808416,True
mom_12_1,20,0.012969427812501457,0.012237701192710657,0.011531198207213328,0.009933441137265188,0.010508652023262283,-0.0024607757892391733,-0.40784932161021925,False
mom_6_1,20,0.012397187080986295,0.01194158708792444,0.01114437627934707,0.011126264721542404,0.010572702312716304,-0.0018244847682699916,-0.4453443590782917,True
resid_mom_12_1,20,0.011096070728609618,0.010940547182327807,0.011138853949087637,0.010386630049230336,0.010576412843572754,-0.0005196578850368644,-0.2640333017992992,False
resid_ret_5d,20,0.013005298881688202,0.011877173081576974,0.011242580166436419,0.010823840819774297,0.010236166649037105,-0.002769132232651099,-0.5938220086030074,True
resid_ret_21d,20,0.01322405308155591,0.01207945517737478,0.01122474578966932,0.010564129046315509,0.01005710514905144,-0.003166947932504469,-0.039649687803024365,True
gap_high_10,20,0.013851815660216753,0.0123558925383534,0.011266047591050602,0.010191891169617388,0.009620020918683244,-0.004231794741533509,-0.39221617408917586,True
gap_high_252,20,0.014007644289295091,0.012019329299052566,0.01100058545956619,0.01067720012175774,0.009416296717528444,-0.004591347571766644,-0.736137679580156,True
gap_low_252,20,0.01084867891579685,0.01090667347730108,0.0115331645787259,0.011428196736046212,0.012368711113521336,0.0015200321977244858,0.976811631228001,False
vol_20,20,0.00935031196904758,0.009581798928784191,0.01181326488141374,0.012767153323212096,0.013738881342216588,0.004388569373169005,1.009214271392919,True
vol_60,20,0.009800282698882345,0.009263021708190758,0.011661986087508522,0.012134404918281773,0.014357221994862756,0.00455693929598041,0.9702083950777018,False
atr_pct_14,20,0.00947053319962994,0.009795915812606686,0.011039227072482683,0.013009992309145015,0.013945818893492752,0.004475285693862811,0.7571819419333868,True
idio_vol_60,20,0.011540586943516035,0.010667820320469529,0.011236919569351462,0.011357704087308572,0.012295340929136693,0.0007547539856206588,0.31935340318845246,False
beta_252,20,0.008123889891819499,0.010282031289670814,0.010385319215330986,0.013486757065950334,0.014859897594310828,0.00673600770249133,1.15041533847937,True
max_ret_21,20,0.01001836621248401,0.010467908040947346,0.01107740373397885,0.012765231821379893,0.012917419333348395,0.0028990531208643866,1.1669396737788107,True
log_dollar_vol_20,20,0.009920363816824668,0.01070089472311855,0.012294311814988758,0.011418263462440922,0.0129077596003187,0.002987395783494036,1.2459797546567577,False
vol_trend,20,0.012510558955514534,0.012317442049573756,0.01136247750854071,0.010873112290107624,0.010147433263280324,-0.0023631256922342103,-1.1440831667453886,True
amihud_20,20,0.012185704209210401,0.011266463677595555,0.011622055639117255,0.011675991328931443,0.0105769509345506,-0.0016087532746598015,-0.4774068807201928,False
vol_ratio_5_20,20,0.011197650277544453,0.01196232609443013,0.011474465994183192,0.011463642320821386,0.011161782829205968,-3.586744833848429e-05,0.06967479075751938,False
close_vs_sma50,20,0.013969936015155504,0.01246709656120228,0.011383941234920553,0.010258184662387048,0.009173530909340621,-0.004796405105814884,-0.6561617516361744,True
close_vs_sma200,20,0.012252988060573426,0.012118760215629937,0.01125895792997407,0.011192692296399092,0.010310771317866504,-0.001942216742706921,-0.1317226300811467,True
rsi_14,20,0.013110371280369315,0.012469570409096423,0.011661629848089562,0.010454965606221103,0.009591056961458932,-0.0035193143189103846,-0.2518938764702933,True
ret_5d_sn,20,0.01479996004308353,0.012967585555223453,0.012073232906589107,0.011848141683168584,0.012589429370151842,-0.002210530672931687,0.1846017396420164,False
ret_21d_sn,20,0.014588131871223398,0.013259502296892855,0.012211453117992068,0.011964053152461874,0.012224052139059414,-0.0023640797321639825,-0.06782427810278506,False
mom_12_1_sn,20,0.01625686195098315,0.012966985804170501,0.011828694842763728,0.010993074674234236,0.012008382499277808,-0.0042484794517053445,-1.2395144662562956,False
resid_mom_12_1_sn,20,0.014490913913269319,0.011583332784512785,0.011745759268037106,0.011071109974571365,0.012455173714098919,-0.002035740199170399,-0.8962102925745505,False
vol_60_sn,20,0.011836221609884706,0.01065086998852749,0.011005091596897425,0.013418579389415429,0.017273373927872725,0.005437152317988021,1.6111148967557403,False
log_dollar_vol_20_sn,20,0.01313222010634028,0.013417908199632903,0.012794505438427334,0.011882787014090998,0.013026473975722649,-0.00010574613061763237,-0.06124904072981784,False
gap_high_10_sn,20,0.015783368615684152,0.013094111403203601,0.011890415851380513,0.011741352469489598,0.011776823470945991,-0.004006545144738161,-0.9268087437945134,False
