factor,horizon,regime,n,mean_ic,t
ret_1d,5,bull,338,-0.0006949321768783648,-0.07634139024380238
ret_1d,5,neutral,57,-0.019708458184092524,-0.7441444001549745
ret_1d,5,bear,54,0.010362863807210295,0.3426249278226835
ret_5d,5,bull,338,-0.001355834039883517,-0.14557317550753518
ret_5d,5,neutral,57,-0.020577714449372092,-0.6769531667452994
ret_5d,5,bear,54,-0.07181626027593359,-2.412663582949958
ret_10d,5,bull,338,-0.008268961862093164,-0.8867910889200438
ret_10d,5,neutral,57,-0.011393839675834933,-0.37879679569253094
ret_10d,5,bear,54,-0.0007850609874592851,-0.028702108202164955
ret_21d,5,bull,338,-0.008420046933563772,-0.8740974036721758
ret_21d,5,neutral,57,0.009646787799358963,0.3335666311332734
ret_21d,5,bear,54,-0.03824266561511268,-1.2138571306705286
ret_63d,5,bull,338,-0.0031040286762416937,-0.31955277086031253
ret_63d,5,neutral,57,0.03967173379483724,1.4154467959285344
ret_63d,5,bear,54,-0.09463241753758812,-2.3296156312205762
ret_126d,5,bull,338,0.0012012247379813198,0.11131618558362355
ret_126d,5,neutral,57,0.07220798775078462,2.2144298290564723
ret_126d,5,bear,54,-0.060113731441629896,-1.3426747063094011
ret_252d,5,bull,338,-0.0009607647083190203,-0.07861366775456599
ret_252d,5,neutral,57,0.08804686021030388,2.638639439992486
ret_252d,5,bear,54,-0.05147934125696033,-1.2350777872272325
mom_12_1,5,bull,338,-0.00039290464585634374,-0.031693921805059914
mom_12_1,5,neutral,57,0.09101211760398925,2.6541543440543327
mom_12_1,5,bear,54,-0.04380051749757279,-1.1229859264242175
mom_6_1,5,bull,338,0.00018060740388929145,0.016707980192019144
mom_6_1,5,neutral,57,0.06800487277919451,1.9952813399890836
mom_6_1,5,bear,54,-0.051370144293098274,-1.2412691237402207
resid_mom_12_1,5,bull,338,0.001562225305752043,0.13445007474898016
resid_mom_12_1,5,neutral,57,0.09228401335392353,2.7744877315114285
resid_mom_12_1,5,bear,54,-0.031974734605960946,-0.9023520175753778
resid_ret_5d,5,bull,338,-0.0006862818849208473,-0.07688805242299002
resid_ret_5d,5,neutral,57,-0.0205421402677118,-0.7298040808670665
resid_ret_5d,5,bear,54,-0.06183279768154822,-2.197558230108162
resid_ret_21d,5,bull,338,-0.007173004996597143,-0.769516168357837
resid_ret_21d,5,neutral,57,0.0007707313211822044,0.030096832195603336
resid_ret_21d,5,bear,54,-0.0316026345689549,-1.1779439128746185
gap_high_10,5,bull,338,-0.006017188950951939,-0.6577800709633801
gap_high_10,5,neutral,57,0.022544075717053944,0.7354295085956598
gap_high_10,5,bear,54,-0.053742371680903775,-1.736076817544153
gap_high_252,5,bull,338,-0.0034848212318241197,-0.3171114838858696
gap_high_252,5,neutral,57,0.09678251774733848,2.51866637623104
gap_high_252,5,bear,54,-0.08710149637923983,-1.8050632748566027
gap_low_252,5,bull,338,0.010230276443005027,0.9631222520931487
gap_low_252,5,neutral,57,0.029587626691084012,1.4490354096679847
gap_low_252,5,bear,54,-0.036072328147275616,-1.4995997809414032
vol_20,5,bull,338,0.005660555093362874,0.495072533290461
vol_20,5,neutral,57,-0.059179516937986426,-1.6307909241031304
vol_20,5,bear,54,0.08821918069429939,1.9880509007515978
vol_60,5,bull,338,0.003964998824757203,0.3092024005064342
vol_60,5,neutral,57,-0.06776197822041242,-1.6906332126772314
vol_60,5,bear,54,0.09600679691236504,2.0320468861069503
atr_pct_14,5,bull,338,0.004954025923090298,0.4050519227564363
atr_pct_14,5,neutral,57,-0.06922410222522093,-1.8346447164742081
atr_pct_14,5,bear,54,0.09502402883677581,1.9932350234262484
idio_vol_60,5,bull,338,-0.0009516480264116397,-0.10442011100756199
idio_vol_60,5,neutral,57,-0.04439835882761685,-2.0040006808033164
idio_vol_60,5,bear,54,0.037390291669922374,1.3815266106194781
beta_252,5,bull,338,0.012757075723845468,0.7957726415785982
beta_252,5,neutral,57,-0.08006718368828288,-1.723520928081306
beta_252,5,bear,54,0.1094208605616504,2.197725012464894
max_ret_21,5,bull,338,0.003942056061376577,0.40132959234978793
max_ret_21,5,neutral,57,-0.04785997096066402,-1.5116314199296474
max_ret_21,5,bear,54,0.08262571398380072,2.1727580536428257
log_dollar_vol_20,5,bull,338,0.011052078322152468,1.584453399822398
log_dollar_vol_20,5,neutral,57,0.010845589535868233,0.6507313347895071
log_dollar_vol_20,5,bear,54,0.011684394681034528,0.6663200742551182
vol_trend,5,bull,338,-0.012119171330668692,-2.593961315157672
vol_trend,5,neutral,57,0.03291586952925213,2.3222018753201725
vol_trend,5,bear,54,-0.03432129608779086,-1.971464381983109
amihud_20,5,bull,338,-0.009769799939256273,-1.3096413331248937
amihud_20,5,neutral,57,-0.031365696613139454,-1.635051736421703
amihud_20,5,bear,54,0.01676789834283949,0.6989441298157918
vol_ratio_5_20,5,bull,338,0.002094236745943798,0.5159201384628456
vol_ratio_5_20,5,neutral,57,0.0006291224529937448,0.04750754255192166
vol_ratio_5_20,5,bear,54,-0.002504607447953469,-0.21535825026869335
close_vs_sma50,5,bull,338,-0.004400160325132289,-0.4493758899211897
close_vs_sma50,5,neutral,57,0.025811499986434238,0.9166926938904588
close_vs_sma50,5,bear,54,-0.055059574125512004,-1.5493949633402497
close_vs_sma200,5,bull,338,0.0009741551159532899,0.08726126692265712
close_vs_sma200,5,neutral,57,0.08625029638870568,2.5644073906432
close_vs_sma200,5,bear,54,-0.07243852224390122,-1.5991525169685912
rsi_14,5,bull,338,-0.003911354316541374,-0.41047234234911734
rsi_14,5,neutral,57,0.01692192252941804,0.6737277556840702
rsi_14,5,bear,54,-0.04429285890544429,-1.4064242933178495
ret_5d_sn,5,bull,338,-0.001052463112401799,-0.15587206106569582
ret_5d_sn,5,neutral,57,-0.01029075908336101,-0.44926289670286346
ret_5d_sn,5,bear,54,-0.05306531650243237,-2.4563321504493434
ret_21d_sn,5,bull,338,-0.005176057001866143,-0.7229868360483062
ret_21d_sn,5,neutral,57,0.009378623243455016,0.4315522023698015
ret_21d_sn,5,bear,54,-0.028842057235731362,-1.1916964987229732
mom_12_1_sn,5,bull,338,-0.0016724938436375333,-0.18071032380973065
mom_12_1_sn,5,neutral,57,0.05180155025067251,1.8999212620159527
mom_12_1_sn,5,bear,54,-0.03736180312318952,-1.3013539680811987
resid_mom_12_1_sn,5,bull,338,0.0014757353449309225,0.1615423673640572
resid_mom_12_1_sn,5,neutral,57,0.05289503696165125,1.9955312433019208
resid_mom_12_1_sn,5,bear,54,-0.02855485635703092,-1.0844569205240426
vol_60_sn,5,bull,338,0.006092084816264479,0.6875746635878509
vol_60_sn,5,neutral,57,-0.03776307965837091,-1.352279598025751
vol_60_sn,5,bear,54,0.07024966780659882,2.1724965211811673
log_dollar_vol_20_sn,5,bull,338,0.0005208059846496792,0.10607200655220923
log_dollar_vol_20_sn,5,neutral,57,0.0031946959086543345,0.2721788931554244
log_dollar_vol_20_sn,5,bear,54,-0.01239601366882844,-0.9667187029243826
gap_high_10_sn,5,bull,338,-0.004403502499086494,-0.6815123435814197
gap_high_10_sn,5,neutral,57,0.013281271367139219,0.6437231894365348
gap_high_10_sn,5,bear,54,-0.040857524277080885,-1.893259398275873
ret_1d,10,bull,168,0.0001386695398399373,0.010044036401328903
ret_1d,10,neutral,29,-0.008034326757336827,-0.23878787460657738
ret_1d,10,bear,27,0.04341851198127209,1.0596969228855533
ret_5d,10,bull,168,-0.009542936416759792,-0.7111602022817075
ret_5d,10,neutral,29,0.0023536307896925225,0.07029670117853637
ret_5d,10,bear,27,0.01560121690024073,0.5074407907776978
ret_10d,10,bull,168,-0.005225848071440349,-0.38670012485570027
ret_10d,10,neutral,29,-0.010994214186135954,-0.3384112108110129
ret_10d,10,bear,27,0.027054614785828133,0.7451911559783017
ret_21d,10,bull,168,-0.00835169925343753,-0.5900408498466613
ret_21d,10,neutral,29,0.02959839840163196,0.8571049005520335
ret_21d,10,bear,27,-0.01808663115205007,-0.44237998719105576
ret_63d,10,bull,168,-0.0013709883950780433,-0.10321983846727685
ret_63d,10,neutral,29,0.013691195538907854,0.41985255016857986
ret_63d,10,bear,27,-0.11141860943059434,-2.3511289991705993
ret_126d,10,bull,168,0.0018888503824862313,0.12732059995707995
ret_126d,10,neutral,29,0.049934464026226685,1.166409181765399
ret_126d,10,bear,27,-0.04881989409957136,-0.9267232349890446
ret_252d,10,bull,168,-0.0018903976683815737,-0.10871996276494848
ret_252d,10,neutral,29,0.06729967032308132,1.6292325570026875
ret_252d,10,bear,27,-0.023576296889943064,-0.45287852253368743
mom_12_1,10,bull,168,-0.001778541209021199,-0.10197503529240314
mom_12_1,10,neutral,29,0.05907443065590906,1.3387508387057914
mom_12_1,10,bear,27,-0.017224236392653088,-0.3458975478756924
mom_6_1,10,bull,168,0.00037112785744766166,0.025292813861410177
mom_6_1,10,neutral,29,0.03282972340678879,0.703477795495542
mom_6_1,10,bear,27,-0.043761446994315736,-0.8969377847904566
resid_mom_12_1,10,bull,168,0.0028846222707760863,0.17036513534086933
resid_mom_12_1,10,neutral,29,0.0684026734632247,1.6323490530036064
resid_mom_12_1,10,bear,27,-0.005256379349660583,-0.11573715809482693
resid_ret_5d,10,bull,168,-0.009238120648719967,-0.741850123736404
resid_ret_5d,10,neutral,29,-0.002425736922714672,-0.07745303862161272
resid_ret_5d,10,bear,27,-0.00028591649841514584,-0.009082977383590887
resid_ret_21d,10,bull,168,-0.004422209364900963,-0.32190473414692844
resid_ret_21d,10,neutral,29,0.011112707524480256,0.31279368008249553
resid_ret_21d,10,bear,27,-0.009838575022590532,-0.2895401280554256
gap_high_10,10,bull,168,0.005076673660390431,0.3786811525153397
gap_high_10,10,neutral,29,0.011595507314654755,0.3383214908436819
gap_high_10,10,bear,27,-0.029146902033999562,-0.7031520349283752
gap_high_252,10,bull,168,0.003223023970777354,0.20009090991901193
gap_high_252,10,neutral,29,0.06010148825080174,1.186307765202017
gap_high_252,10,bear,27,-0.07641616477970814,-1.3088067325919612
gap_low_252,10,bull,168,0.0072547380743201596,0.5100267779762888
gap_low_252,10,neutral,29,0.039032855827508324,1.534181597499014
gap_low_252,10,bear,27,0.01766217366217066,0.5520966671639066
vol_20,10,bull,168,-0.004902302476649291,-0.2979126330158123
vol_20,10,neutral,29,-0.0216686616377803,-0.4287528406296008
vol_20,10,bear,27,0.1031422974690103,2.0452153731569935
vol_60,10,bull,168,-0.006759383746779622,-0.3719314852378724
vol_60,10,neutral,29,-0.021952223376702683,-0.37340983190245375
vol_60,10,bear,27,0.1066334533584661,2.042325586366753
atr_pct_14,10,bull,168,-0.00664427303748599,-0.3742732250517146
atr_pct_14,10,neutral,29,-0.024341048015984842,-0.4661847204040483
atr_pct_14,10,bear,27,0.11159707254740786,1.9673171332384267
idio_vol_60,10,bull,168,-0.005547541740842492,-0.42681861558158984
idio_vol_60,10,neutral,29,-0.03972768894044805,-1.223750825334237
idio_vol_60,10,bear,27,0.04671452348759848,1.5730976139741166
beta_252,10,bull,168,-0.001705527601769308,-0.07421226904631417
beta_252,10,neutral,29,-0.016541493678098717,-0.24949076349138471
beta_252,10,bear,27,0.10748698913684397,1.777189325272709
max_ret_21,10,bull,168,-0.008753749627405565,-0.6382339486365645
max_ret_21,10,neutral,29,-0.00770007535208888,-0.16315300105446
max_ret_21,10,bear,27,0.08881367614196167,2.009062198103833
log_dollar_vol_20,10,bull,168,0.01661032674705691,1.7978291944213722
log_dollar_vol_20,10,neutral,29,0.015172526283494709,0.7547083663151721
log_dollar_vol_20,10,bear,27,0.01629514873619676,0.7904485105616573
vol_trend,10,bull,168,-0.009537905972643555,-1.387865796631294
vol_trend,10,neutral,29,0.02984785272416453,1.486201200305428
vol_trend,10,bear,27,-0.03380652618409724,-1.6631200448562382
amihud_20,10,bull,168,-0.018887659158049224,-1.8386043692433383
amihud_20,10,neutral,29,-0.020775761536055683,-0.7741700020777599
amihud_20,10,bear,27,0.014602791056744675,0.5500956616900644
vol_ratio_5_20,10,bull,168,0.0011957291417777254,0.19209040158733995
vol_ratio_5_20,10,neutral,29,-0.001767328347063568,-0.10273929859612858
vol_ratio_5_20,10,bear,27,-0.002648908458908921,-0.1706198905738928
close_vs_sma50,10,bull,168,-0.0028538952078576525,-0.2063941150074551
close_vs_sma50,10,neutral,29,0.023927610753375676,0.8405849834839167
close_vs_sma50,10,bear,27,-0.04365791991466854,-0.9061267147799977
close_vs_sma200,10,bull,168,0.002639294320843271,0.16988632121291514
close_vs_sma200,10,neutral,29,0.0597265678063859,1.3762560872957579
close_vs_sma200,10,bear,27,-0.05641895903641654,-1.0121449231059525
rsi_14,10,bull,168,0.0003204144637631005,0.023537124662720846
rsi_14,10,neutral,29,0.03167875652481666,1.1065400802092016
rsi_14,10,bear,27,-0.02266590804001638,-0.5207487997489326
ret_5d_sn,10,bull,168,-0.011187432951336552,-1.116089238078162
ret_5d_sn,10,neutral,29,-0.003681786046624245,-0.143842650855176
ret_5d_sn,10,bear,27,0.009342590409878932,0.39576729669537225
ret_21d_sn,10,bull,168,-0.003834864601754096,-0.3584463669469155
ret_21d_sn,10,neutral,29,0.03004562712015951,1.1760165606060766
ret_21d_sn,10,bear,27,-0.017321356625762188,-0.6095442476832099
mom_12_1_sn,10,bull,168,-0.005190492544778092,-0.40149687448758026
mom_12_1_sn,10,neutral,29,0.021398035093068167,0.6092072930462197
mom_12_1_sn,10,bear,27,-0.01845267566627331,-0.5010036334250876
resid_mom_12_1_sn,10,bull,168,0.0014362703408517437,0.11034879167713495
resid_mom_12_1_sn,10,neutral,29,0.03085553657087706,0.9211518328373022
resid_mom_12_1_sn,10,bear,27,-0.005761463338351752,-0.16994044590431906
vol_60_sn,10,bull,168,-0.0018706423370900402,-0.14874665689466054
vol_60_sn,10,neutral,29,0.008157973738022796,0.19110393307840137
vol_60_sn,10,bear,27,0.07065807335594083,1.9099993008834564
log_dollar_vol_20_sn,10,bull,168,0.00021016193838432003,0.032882553447322965
log_dollar_vol_20_sn,10,neutral,29,0.0034883806696293287,0.25252658777935694
log_dollar_vol_20_sn,10,bear,27,-0.009747698308183849,-0.6653021527628079
gap_high_10_sn,10,bull,168,-2.9053764432323442e-05,-0.003116063301737109
gap_high_10_sn,10,neutral,29,0.006369129453096961,0.24906155549986392
gap_high_10_sn,10,bear,27,-0.018155264622119117,-0.639815923910138
ret_1d,20,bull,85,0.012136290275441934,0.6365387702816689
ret_1d,20,neutral,15,-0.009810514935592778,-0.17407813731420435
ret_1d,20,bear,12,0.0717790481519534,0.9441106836447132
ret_5d,20,bull,85,0.004749603298383559,0.29134837203419317
ret_5d,20,neutral,15,-0.009459558659064502,-0.20529057402486164
ret_5d,20,bear,12,0.001686824818871326,0.02906208651884935
ret_10d,20,bull,85,0.00813200658024872,0.4790608542926473
ret_10d,20,neutral,15,0.0313806944971129,0.7166293283095475
ret_10d,20,bear,12,-0.054543704176812195,-0.9966718866751098
ret_21d,20,bull,85,0.008858918088028238,0.480515802016318
ret_21d,20,neutral,15,0.02718984643461053,0.5912053634230802
ret_21d,20,bear,12,-0.08114071297395102,-1.3536256785818126
ret_63d,20,bull,85,0.012213579084211857,0.6452759145507719
ret_63d,20,neutral,15,0.025428527923074113,0.598487254250834
ret_63d,20,bear,12,-0.19595715650613835,-2.7850960780194254
ret_126d,20,bull,85,0.009232562629146575,0.4546166835919752
ret_126d,20,neutral,15,0.04571160337915463,0.9033944595695328
ret_126d,20,bear,12,-0.1327447481967101,-1.5261568749353887
ret_252d,20,bull,85,0.001497503893215736,0.0638037751408993
ret_252d,20,neutral,15,0.06493715555886433,1.1916728471958038
ret_252d,20,bear,12,-0.07738576339679197,-0.8825130261629415
mom_12_1,20,bull,85,-0.005563605314699754,-0.2433601655142978
mom_12_1,20,neutral,15,0.05382677351633518,0.9318345996325716
mom_12_1,20,bear,12,-0.052108659064080874,-0.6038758876767382
mom_6_1,20,bull,85,-0.0018679613135530748,-0.10134381203491154
mom_6_1,20,neutral,15,0.02913593333493231,0.5168024292615396
mom_6_1,20,bear,12,-0.11491376667037649,-1.376761355513329
resid_mom_12_1,20,bull,85,0.0015997810046204806,0.07182242977772464
resid_mom_12_1,20,neutral,15,0.06408737175873717,1.1283046938803267
resid_mom_12_1,20,bear,12,-0.042849596662582055,-0.5547744542797278
resid_ret_5d,20,bull,85,0.004128378032327499,0.25733501598765346
resid_ret_5d,20,neutral,15,-0.011464532327449995,-0.3358096569630498
resid_ret_5d,20,bear,12,-0.009723764018894944,-0.20271614272522123
resid_ret_21d,20,bull,85,0.00730821023103539,0.4031181415977925
resid_ret_21d,20,neutral,15,0.0043034471898605675,0.10717978520401003
resid_ret_21d,20,bear,12,-0.040076581486149676,-0.8083873715798976
gap_high_10,20,bull,85,0.0198556087761603,1.0558488134691002
gap_high_10,20,neutral,15,0.025762883842564855,0.5615751996946792
gap_high_10,20,bear,12,-0.06354530294407862,-1.0452580028522305
gap_high_252,20,bull,85,0.015833477411483714,0.6763317560302783
gap_high_252,20,neutral,15,0.05631819587328688,0.8667180654732555
gap_high_252,20,bear,12,-0.1567517132843741,-1.7621224515911615
gap_low_252,20,bull,85,0.01651603562947365,0.8823766002091802
gap_low_252,20,neutral,15,0.05145059014592466,1.5676410788134194
gap_low_252,20,bear,12,-0.020980917430674168,-0.3224140345896889
vol_20,20,bull,85,-0.00654722541579094,-0.29827763819080194
vol_20,20,neutral,15,-0.028733952934037764,-0.43226112694728125
vol_20,20,bear,12,0.18656621477317256,2.5979907725119915
vol_60,20,bull,85,-0.011791423485053963,-0.4784247079515422
vol_60,20,neutral,15,-0.019292017019370264,-0.2536353224563922
vol_60,20,bear,12,0.16522134456685134,2.0981115503316397
atr_pct_14,20,bull,85,-0.013840525673343032,-0.5786772629285302
atr_pct_14,20,neutral,15,-0.02646683041339001,-0.379668265780565
atr_pct_14,20,bear,12,0.17468605693484981,2.1858036747091187
idio_vol_60,20,bull,85,-0.012241361248957184,-0.6795967855490569
idio_vol_60,20,neutral,15,-0.05504289989837048,-1.3002664801274797
idio_vol_60,20,bear,12,0.05818911535124654,1.3117729135429124
beta_252,20,bull,85,-0.005398074997665271,-0.17687388823476213
beta_252,20,neutral,15,0.00651563250119767,0.07499383568877248
beta_252,20,bear,12,0.17198344952990388,1.8223712598026562
max_ret_21,20,bull,85,0.00047927550384750905,0.027339024760769073
max_ret_21,20,neutral,15,-0.023758157143962125,-0.37647425257133565
max_ret_21,20,bear,12,0.1480569359021431,2.1047927542665006
log_dollar_vol_20,20,bull,85,0.02361559460758493,1.905633403844736
log_dollar_vol_20,20,neutral,15,-0.005001569318679428,-0.18015239294358334
log_dollar_vol_20,20,bear,12,0.012073473283879477,0.3861970739067193
vol_trend,20,bull,85,-0.008251740675001853,-0.9814815228117398
vol_trend,20,neutral,15,-0.0007024423824785843,-0.0330572790376167
vol_trend,20,bear,12,-0.07133904992894467,-3.556574120089077
amihud_20,20,bull,85,-0.026724381040497,-1.8246973052753788
amihud_20,20,neutral,15,-0.0017353100741262395,-0.048172870808507594
amihud_20,20,bear,12,0.050940222724643415,1.270956487308942
vol_ratio_5_20,20,bull,85,0.006712767337740537,0.7704602554819162
vol_ratio_5_20,20,neutral,15,-0.006724885077557951,-0.3294966293918942
vol_ratio_5_20,20,bear,12,-0.012570043893169467,-0.6002956128851804
close_vs_sma50,20,bull,85,0.007251187522186877,0.41165937980327016
close_vs_sma50,20,neutral,15,0.0405829030012492,1.1152901386110474
close_vs_sma50,20,bear,12,-0.13199350315126265,-2.25266347733425
close_vs_sma200,20,bull,85,0.015896122177524015,0.7162168697588156
close_vs_sma200,20,neutral,15,0.057769456001015865,1.0579216317772369
close_vs_sma200,20,bear,12,-0.13808404821170348,-1.5567246608927117
rsi_14,20,bull,85,0.015937806626917492,0.8977170891684917
rsi_14,20,neutral,15,0.04158656815657162,1.1791684763349988
rsi_14,20,bear,12,-0.09463728973374609,-1.582964842683908
ret_5d_sn,20,bull,85,0.004381881897413984,0.3844946611849011
ret_5d_sn,20,neutral,15,-0.001170961929564171,-0.03273712420240953
ret_5d_sn,20,bear,12,0.004463163633604248,0.11633180254137976
ret_21d_sn,20,bull,85,0.011732994903966123,0.8154099043922617
ret_21d_sn,20,neutral,15,0.020614642974401142,0.5907554678745058
ret_21d_sn,20,bear,12,-0.055352684089211644,-1.2117494682958145
mom_12_1_sn,20,bull,85,-0.012175107050640612,-0.6995949519422516
mom_12_1_sn,20,neutral,15,0.01873559776054229,0.3922627938465094
mom_12_1_sn,20,bear,12,-0.039185550682303845,-0.631081885629999
resid_mom_12_1_sn,20,bull,85,-0.0029603124148084668,-0.1683344016871143
resid_mom_12_1_sn,20,neutral,15,0.03096152986012028,0.650477294385389
resid_mom_12_1_sn,20,bear,12,-0.026794001883865864,-0.4741972765979094
vol_60_sn,20,bull,85,8.514663603298347e-05,0.004850047698496777
vol_60_sn,20,neutral,15,0.020490131085684562,0.34780271888952896
vol_60_sn,20,bear,12,0.09939898675638803,1.7098725905846264
log_dollar_vol_20_sn,20,bull,85,0.005438922224017639,0.6156977656209127
log_dollar_vol_20_sn,20,neutral,15,-0.011513443882843206,-0.5932493819349774
log_dollar_vol_20_sn,20,bear,12,-0.027677709899246908,-1.454978409051049
gap_high_10_sn,20,bull,85,0.010291447215357,0.8183577304224123
gap_high_10_sn,20,neutral,15,0.012975220063338632,0.34478824047384454
gap_high_10_sn,20,bear,12,-0.039372838984989784,-0.970784998910186
