factor,horizon,n_dates,mean_ic,ic_std,t_nonoverlap,t_naive,hit_rate,year_sign_consistency,yearly_ic,pass_t2,pass_t3,pass_gate
트렌드점수,5,781,0.0018722509296261694,0.16723251932472052,0.7696230690444552,0.31287354248085236,0.5044814340588989,0.5,2022:-0.020;2023:-0.011;2024:+0.010;2025:+0.018,False,False,False
알파점수,5,781,0.0018722509296261694,0.16723251932472052,0.7696230690444552,0.31287354248085236,0.5044814340588989,0.5,2022:-0.020;2023:-0.011;2024:+0.010;2025:+0.018,False,False,False
팩터_모멘텀,5,781,0.004450037710763034,0.1767120262127051,0.11660604390551049,0.7037576060647237,0.5339308578745199,0.75,2022:+0.033;2023:-0.013;2024:+0.012;2025:+0.004,False,False,False
팩터_추세,5,781,0.007889464133381248,0.18147947907091155,0.46312911023148223,1.2149138949652072,0.5492957746478874,0.75,2022:+0.011;2023:-0.012;2024:+0.016;2025:+0.022,False,False,False
팩터_거래량,5,781,-0.0011432897055212324,0.1278814131266369,-0.8212922193861115,-0.24984714046188072,0.45710627400768244,0.5,2022:-0.001;2023:-0.017;2024:+0.006;2025:+0.010,False,False,False
팩터_변동성,5,781,-0.005360616473391253,0.1265706247767766,-0.6743912059508747,-1.183606467835314,0.47631241997439183,0.75,2022:-0.026;2023:-0.006;2024:+0.009;2025:-0.014,False,False,False
팩터_평균회귀,5,781,0.001600396974152755,0.16127154150158776,0.6273396839650648,0.2773291377569173,0.45966709346991036,0.5,2022:-0.012;2023:+0.012;2024:+0.001;2025:-0.005,False,False,False
5일수익률,5,781,-0.010564863664030422,0.1614165044122255,-1.5079852391583322,-1.8291169565368817,0.5236875800256082,0.75,2022:-0.035;2023:+0.000;2024:-0.019;2025:-0.002,False,False,False
20일수익률,5,781,0.0024149314913690318,0.17500705285481102,0.007624726123812551,0.3856335235028166,0.5300896286811779,0.75,2022:+0.026;2023:-0.008;2024:+0.001;2025:+0.006,False,False,False
거래량Z(20),5,781,-6.707663200866957e-05,0.07032925429893638,0.21608778657942518,-0.02665389928814786,0.4967989756722151,0.25,2022:+0.002;2023:+0.000;2024:+0.003;2025:-0.006,False,False,False
52주포지션,5,781,0.015341169791981798,0.20305644908254777,0.7813792722504139,2.1113839034221438,0.5659411011523687,0.75,2022:+0.040;2023:-0.015;2024:+0.033;2025:+0.020,False,False,False
ATR%,5,781,0.017587514923362576,0.26318453569594824,0.6677407772752783,1.8675387792001845,0.5211267605633803,0.75,2022:-0.027;2023:+0.040;2024:+0.001;2025:+0.033,False,False,False
RSI,5,781,0.001971139857732114,0.16590271616570662,-0.3432520962435804,0.33203927759882423,0.5531370038412292,0.75,2022:+0.016;2023:-0.010;2024:+0.006;2025:+0.007,False,False,False
macd_hist,5,781,-0.013918823449007984,0.14831536633296744,-1.309884262202684,-2.622659406446091,0.5198463508322664,0.75,2022:-0.019;2023:-0.010;2024:-0.029;2025:+0.004,False,False,False
stoch_k,5,781,-0.006376758405116502,0.14687118482570977,-1.1686197534911154,-1.213357787460648,0.47247119078104993,0.75,2022:-0.007;2023:-0.012;2024:-0.009;2025:+0.005,False,False,False
roc_10,5,781,-0.007967579003733878,0.1685072515038779,-0.520310181568054,-1.3213969512933839,0.47759282970550576,0.75,2022:-0.008;2023:-0.002;2024:-0.021;2025:+0.001,False,False,False
adx,5,781,0.0036230809619424193,0.11162304258706834,0.4048621532992741,0.907088580747568,0.5352112676056338,0.5,2022:-0.014;2023:-0.003;2024:+0.000;2025:+0.026,False,False,False
ema_gap_20_50,5,781,0.007953719443067187,0.19312017412162294,0.30036847017793367,1.1509809625456449,0.5275288092189501,0.75,2022:+0.024;2023:-0.015;2024:+0.023;2025:+0.011,False,False,False
ema_gap_50_200,5,781,0.01867091852675871,0.2247614559081929,1.020176096227673,2.321503614474285,0.558258642765685,0.75,2022:+0.032;2023:-0.011;2024:+0.047;2025:+0.014,False,False,False
ema200_slope_20,5,781,0.017122432302399723,0.2216818135354679,0.9311487006447957,2.1585440163101905,0.5492957746478874,0.75,2022:+0.031;2023:-0.014;2024:+0.045;2025:+0.015,False,False,False
close_to_ema200_pct,5,781,0.012403407599168699,0.20636614577070064,0.5337134282565136,1.6796859114018994,0.5531370038412292,0.75,2022:+0.026;2023:-0.015;2024:+0.034;2025:+0.014,False,False,False
bollinger_pband,5,781,-0.006794164812568756,0.15270109985749306,-1.1336714369631122,-1.2434245264626225,0.48655569782330343,0.5,2022:+0.010;2023:-0.014;2024:-0.012;2025:+0.001,False,False,False
obv_z20,5,781,-0.00620768111523878,0.1239260854913661,-1.4562597374053732,-1.3998844347490997,0.47503201024327785,0.75,2022:-0.009;2023:-0.011;2024:-0.007;2025:+0.004,False,False,False
cmf_20,5,781,0.005453073662742688,0.12493319637920111,-0.05647200725448772,1.219801125971152,0.5608194622279129,0.75,2022:+0.008;2023:-0.015;2024:+0.017;2025:+0.016,False,False,False
accdist_slope_5,5,781,0.0025910779819164525,0.10986255484244596,-0.6538328124633419,0.6591075804288488,0.5185659411011524,0.5,2022:-0.014;2023:+0.003;2024:-0.000;2025:+0.014,False,False,False
갭하락률,5,781,-0.00930543260829814,0.19176807741203636,-1.6764712142706468,-1.356081436610682,0.5185659411011524,0.75,2022:+0.005;2023:-0.007;2024:-0.017;2025:-0.010,False,False,False
최근20일평균거래대금,5,781,0.014231297088082141,0.11829476632624027,1.4364347643122282,3.362052347499819,0.5518565941101152,0.75,2022:-0.014;2023:+0.011;2024:+0.015;2025:+0.033,False,False,False
거래대금안정비,5,781,0.0026802596987877867,0.08191121693782975,0.3065167885534607,0.9144480011821089,0.5006402048655569,0.5,2022:+0.025;2023:-0.001;2024:-0.001;2025:+0.001,False,False,False
장중반등률,5,781,0.004353366675936366,0.1438770361795361,-0.2561695025816085,0.8455889178346196,0.5019206145966709,0.75,2022:-0.010;2023:+0.006;2024:+0.000;2025:+0.015,False,False,False
10일저점괴리,5,781,-9.834081499289036e-05,0.1639224304824391,-0.4878922828041271,-0.01676567083780614,0.47247119078104993,0.5,2022:-0.040;2023:+0.014;2024:-0.015;2025:+0.021,False,False,False
10일고점괴리,5,781,-0.016454157401569625,0.16052716122982758,-1.7763337070781315,-2.8645251441583475,0.5057618437900128,1.0,2022:-0.005;2023:-0.017;2024:-0.023;2025:-0.013,False,False,False
거래량돌파배수,5,781,-0.00018256725933584185,0.07147834294497664,-0.013371827923651181,-0.07137957160331564,0.5006402048655569,0.25,2022:+0.006;2023:+0.001;2024:+0.004;2025:-0.010,False,False,False
변동성압축,5,750,0.008179670112714182,0.12770123184087834,0.8826901514194291,1.7541686047582166,0.488,0.75,2022:+0.064;2023:+0.006;2024:-0.008;2025:+0.015,False,False,False
dividend_yield,5,781,-0.015788109915338966,0.18117338549464373,-0.9759159258066129,-2.435349287968709,0.5480153649167734,0.75,2022:+0.018;2023:-0.037;2024:-0.012;2025:-0.010,False,False,False
obv_mom_5,5,781,-0.006435279841978424,0.1189828312561829,-1.4905870651791064,-1.5115017529286758,0.5108834827144686,0.75,2022:-0.028;2023:+0.004;2024:-0.012;2025:-0.001,False,False,False
obv_mom_ratio,5,781,0.0011128628529180943,0.0688837969780872,0.5626380980090518,0.4514920264513353,0.5096030729833547,0.5,2022:+0.017;2023:-0.012;2024:-0.004;2025:+0.018,False,False,False
일봉_골든크로스_신뢰도,5,781,-0.0023464070543499768,0.09837373297680825,-0.7929019151866139,-0.6665760735097924,0.5121638924455826,0.5,2022:+0.008;2023:+0.008;2024:-0.011;2025:-0.009,False,False,False
주봉_골든크로스_신뢰도,5,781,-0.004796436066003696,0.07431047871235869,-0.6751744666222111,-1.8038238207940636,0.5160051216389244,0.5,2022:+0.019;2023:+0.002;2024:-0.011;2025:-0.017,False,False,False
월봉_골든크로스_신뢰도,5,771,-0.015822915055077786,0.08195562838827136,-2.00225717599044,-5.3608653742283625,0.5836575875486382,0.75,2022:+0.015;2023:-0.017;2024:-0.018;2025:-0.026,True,False,True
주봉_MA갭,5,781,0.01038175324821247,0.20823616303127368,0.7025720758012542,1.3932853367427365,0.5428937259923176,0.5,2022:+0.029;2023:-0.010;2024:+0.032;2025:-0.000,False,False,False
월봉_MA갭,5,781,0.00942997953079319,0.20674755402628198,0.6566567614633482,1.2746644884501854,0.5390524967989757,0.75,2022:+0.029;2023:-0.014;2024:+0.029;2025:+0.004,False,False,False
반등스코어,5,781,0.00333845856070966,0.08327097770383687,0.5962767877575639,1.1204122355729764,0.5070422535211268,0.75,2022:-0.014;2023:+0.006;2024:+0.003;2025:+0.009,False,False,False
시장상대강도,5,781,0.0024149314913690318,0.17500705285481102,0.007624726123812551,0.3856335235028166,0.5300896286811779,0.75,2022:+0.026;2023:-0.008;2024:+0.001;2025:+0.006,False,False,False
섹터상대강도,5,781,0.0036653561003404406,0.1624564718949142,0.04996624719081662,0.630528430472117,0.5364916773367477,0.75,2022:+0.027;2023:-0.006;2024:+0.002;2025:+0.008,False,False,False
트렌드점수,10,781,-0.0036990846902320265,0.15824370367295995,-0.040269868377206156,-0.6532709595445262,0.5198463508322664,0.5,2022:-0.030;2023:-0.015;2024:+0.007;2025:+0.011,False,False,False
알파점수,10,781,-0.0036990846902320265,0.15824370367295995,-0.040269868377206156,-0.6532709595445262,0.5198463508322664,0.5,2022:-0.030;2023:-0.015;2024:+0.007;2025:+0.011,False,False,False
팩터_모멘텀,10,781,0.006746581554376598,0.16918934768402952,0.4031369355211098,1.1143876117408267,0.559539052496799,0.5,2022:+0.044;2023:-0.020;2024:+0.024;2025:-0.000,False,False,False
팩터_추세,10,781,0.008008607096649025,0.17357729254263832,0.503406122388889,1.2894057263538732,0.5416133162612036,0.75,2022:+0.014;2023:-0.022;2024:+0.027;2025:+0.020,False,False,False
팩터_거래량,10,781,0.007187582220178479,0.12948446460364305,-0.03331031544031214,1.551281728471559,0.5915492957746479,0.75,2022:+0.001;2023:-0.021;2024:+0.027;2025:+0.022,False,False,False
팩터_변동성,10,781,-0.007024500344339166,0.12705671963755744,-0.0541995600694543,-1.5450527685571172,0.48911651728553135,0.75,2022:-0.043;2023:-0.012;2024:+0.021;2025:-0.020,False,False,False
팩터_평균회귀,10,781,-0.005644476998768187,0.15786957463272103,-0.011945225022215405,-0.9991962277227485,0.5761843790012804,0.75,2022:-0.025;2023:+0.018;2024:-0.014;2025:-0.016,False,False,False
5일수익률,10,781,-0.007263227004972783,0.16741922895648625,-0.3839202844793845,-1.2124108026102136,0.49295774647887325,0.75,2022:-0.021;2023:-0.002;2024:-0.014;2025:+0.002,False,False,False
20일수익률,10,781,0.00784095023560447,0.1645373055807704,0.6366804546421204,1.3317718575305524,0.5697823303457106,0.75,2022:+0.031;2023:-0.008;2024:+0.019;2025:+0.002,False,False,False
거래량Z(20),10,781,0.0014668346693322808,0.06775237645331722,-0.5358804751575621,0.6050373011500257,0.5236875800256082,0.5,2022:-0.000;2023:+0.001;2024:+0.004;2025:-0.000,False,False,False
52주포지션,10,781,0.019117084256464936,0.19717610167672472,1.018385498644205,2.7095233323382977,0.5646606914212549,0.75,2022:+0.042;2023:-0.018;2024:+0.049;2025:+0.018,False,False,False
ATR%,10,781,0.024600373228858545,0.2558387722046064,0.6597621011632415,2.687205321556082,0.5096030729833547,0.5,2022:-0.019;2023:+0.050;2024:-0.001;2025:+0.047,False,False,False
RSI,10,781,0.00984813369657187,0.16146400451328416,0.3175727204765792,1.7045264055967086,0.587708066581306,0.75,2022:+0.031;2023:-0.016;2024:+0.022;2025:+0.017,False,False,False
macd_hist,10,781,-0.009263650804292332,0.1515721434974728,-0.5222583834291701,-1.7080017071963713,0.5070422535211268,0.5,2022:+0.006;2023:-0.019;2024:-0.020;2025:+0.012,False,False,False
stoch_k,10,781,-0.0009121599064611275,0.1463288671197808,-0.21207841925660212,-0.17420735455147116,0.4507042253521127,0.25,2022:+0.005;2023:-0.019;2024:+0.002;2025:+0.017,False,False,False
roc_10,10,781,-0.0019114947155999124,0.1662436813643629,0.5013906109408656,-0.3213316256429594,0.44174135723431496,0.75,2022:-0.000;2023:-0.011;2024:-0.006;2025:+0.014,False,False,False
adx,10,781,0.002136846925879139,0.10547454783666498,0.051000314497706666,0.5661757408536128,0.5377720870678617,0.25,2022:-0.017;2023:-0.009;2024:-0.000;2025:+0.031,False,False,False
ema_gap_20_50,10,781,0.007621025095132351,0.1879226389698718,0.20343875361156158,1.1333389277469286,0.5428937259923176,0.75,2022:+0.032;2023:-0.027;2024:+0.034;2025:+0.007,False,False,False
ema_gap_50_200,10,781,0.020153449347218386,0.21471702071752616,1.041084098922178,2.6230612550391172,0.5672215108834827,0.75,2022:+0.031;2023:-0.012;2024:+0.061;2025:+0.004,False,False,False
ema200_slope_20,10,781,0.0185209243682883,0.21359275192440347,0.9613957881783252,2.423269208752964,0.5608194622279129,0.75,2022:+0.031;2023:-0.018;2024:+0.060;2025:+0.006,False,False,False
close_to_ema200_pct,10,781,0.015578693298629476,0.1977154498168851,0.8094402034010797,2.2019930157139442,0.5441741357234315,0.75,2022:+0.027;2023:-0.019;2024:+0.048;2025:+0.011,False,False,False
bollinger_pband,10,781,-0.0010981258271281738,0.1509085752609461,-0.380253946758317,-0.20335914345711661,0.4532650448143406,0.25,2022:+0.018;2023:-0.022;2024:+0.001;2025:+0.014,False,False,False
obv_z20,10,781,0.0001230265621570043,0.12035229072931418,-0.28992666097587905,0.028567355834239423,0.5544174135723432,0.5,2022:-0.004;2023:-0.015;2024:+0.009;2025:+0.011,False,False,False
cmf_20,10,781,0.012100245067787879,0.12844658942638107,0.4255529570998185,2.6326741308513117,0.5851472471190781,0.75,2022:+0.007;2023:-0.020;2024:+0.035;2025:+0.027,False,False,False
accdist_slope_5,10,781,0.0047629799122206684,0.11178559472130545,0.30930312730910464,1.1907440638813949,0.5198463508322664,0.75,2022:-0.015;2023:+0.000;2024:+0.005;2025:+0.020,False,False,False
갭하락률,10,781,-0.007649067527445872,0.18306152993084282,-2.007714762089447,-1.1677151754493844,0.5032010243277849,0.75,2022:+0.006;2023:-0.001;2024:-0.011;2025:-0.020,True,False,True
최근20일평균거래대금,10,781,0.02021184856092211,0.1103978188305999,1.8304720264109626,5.116477393127772,0.5672215108834827,0.75,2022:-0.020;2023:+0.019;2024:+0.018;2025:+0.045,False,False,False
거래대금안정비,10,781,0.00230224937559099,0.07850672590926368,0.15753341515697866,0.8195416223390385,0.4878361075544174,0.25,2022:+0.034;2023:-0.002;2024:-0.001;2025:-0.004,False,False,False
장중반등률,10,781,0.009579214399030082,0.14037887100038596,0.6508517428425438,1.9070130512259766,0.5096030729833547,0.75,2022:-0.014;2023:+0.012;2024:+0.001;2025:+0.030,False,False,False
10일저점괴리,10,781,0.00616327039626273,0.16863257387326547,0.06626706007113373,1.0213986270698778,0.5633802816901409,0.5,2022:-0.030;2023:+0.014;2024:-0.008;2025:+0.033,False,False,False
10일고점괴리,10,781,-0.01270170036103956,0.1596235434600115,-0.7134259663928462,-2.2237728971165294,0.5083226632522407,1.0,2022:-0.001;2023:-0.021;2024:-0.009;2025:-0.012,False,False,False
거래량돌파배수,10,781,0.004255759208455182,0.07104889854553527,-0.1337291025550893,1.673960534967048,0.5441741357234315,1.0,2022:+0.006;2023:+0.003;2024:+0.007;2025:+0.001,False,False,False
변동성압축,10,750,0.010103266236052715,0.1285667273903068,0.2831229843358553,2.1521068997761557,0.5,0.75,2022:+0.087;2023:+0.012;2024:-0.019;2025:+0.022,False,False,False
dividend_yield,10,781,-0.021162561273022563,0.17046718382381482,-1.0564345255712262,-3.4693886947388237,0.5723431498079385,0.75,2022:+0.018;2023:-0.049;2024:-0.012;2025:-0.015,False,False,False
obv_mom_5,10,781,-0.004582186624178047,0.11932774862150755,-0.0755664430727454,-1.0731411376966558,0.5185659411011524,0.75,2022:-0.029;2023:-0.002;2024:-0.006;2025:+0.007,False,False,False
obv_mom_ratio,10,781,0.0022532319554524082,0.07026200977963018,-0.7735919639074822,0.8962121977426342,0.5185659411011524,0.5,2022:+0.013;2023:-0.012;2024:-0.003;2025:+0.023,False,False,False
일봉_골든크로스_신뢰도,10,781,-0.0008286411660010022,0.0956889789486429,-0.7094036232469201,-0.2420082110148449,0.5134443021766966,0.5,2022:+0.019;2023:+0.006;2024:-0.010;2025:-0.008,False,False,False
주봉_골든크로스_신뢰도,10,781,-0.00812863545430197,0.07489810775394098,-0.9979983473567936,-3.0329993579602608,0.5377720870678617,0.75,2022:+0.028;2023:-0.002;2024:-0.017;2025:-0.022,False,False,False
월봉_골든크로스_신뢰도,10,771,-0.022741335563845427,0.07754654900668234,-2.3614764237998966,-8.142929599326472,0.6329442282749675,0.75,2022:+0.021;2023:-0.025;2024:-0.027;2025:-0.033,True,False,True
주봉_MA갭,10,781,0.009123043267800085,0.19529085386050646,0.6729456886470224,1.3055194524558902,0.5480153649167734,0.5,2022:+0.032;2023:-0.013;2024:+0.040;2025:-0.014,False,False,False
월봉_MA갭,10,781,0.009705665501510075,0.1942963022508062,0.6711678529849726,1.3960028378429772,0.5531370038412292,0.5,2022:+0.030;2023:-0.017;2024:+0.039;2025:-0.005,False,False,False
반등스코어,10,781,-0.0019842522915466,0.08311441504651591,-0.30080965183600367,-0.6671846636714739,0.5070422535211268,0.75,2022:-0.006;2023:-0.001;2024:+0.004;2025:-0.008,False,False,False
시장상대강도,10,781,0.00784095023560447,0.1645373055807704,0.6366804546421204,1.3317718575305524,0.5697823303457106,0.75,2022:+0.031;2023:-0.008;2024:+0.019;2025:+0.002,False,False,False
섹터상대강도,10,781,0.009609898347008058,0.15352525854458904,0.6577496366534303,1.7493007134135383,0.5749039692701664,0.75,2022:+0.032;2023:-0.004;2024:+0.020;2025:+0.003,False,False,False
트렌드점수,20,781,-0.026885911980732702,0.14628233724240464,-1.5053433086871717,-5.136394813036489,0.5646606914212549,1.0,2022:-0.068;2023:-0.021;2024:-0.035;2025:-0.003,False,False,False
알파점수,20,781,-0.026885911980732702,0.14628233724240464,-1.5053433086871717,-5.136394813036489,0.5646606914212549,1.0,2022:-0.068;2023:-0.021;2024:-0.035;2025:-0.003,False,False,False
팩터_모멘텀,20,781,0.013056315706981918,0.16741195275306417,0.35605477004976605,2.179514173959505,0.5416133162612036,0.75,2022:+0.010;2023:-0.004;2024:+0.040;2025:+0.001,False,False,False
팩터_추세,20,781,0.011746086947361867,0.1653777841489826,0.5585629547846718,1.984913381427858,0.5544174135723432,0.5,2022:-0.016;2023:-0.011;2024:+0.036;2025:+0.024,False,False,False
팩터_거래량,20,781,0.01806265946103785,0.12462956518836406,0.4030474172734634,4.0502901074982,0.5813060179257362,0.75,2022:+0.004;2023:-0.009;2024:+0.043;2025:+0.028,False,False,False
팩터_변동성,20,781,-0.00501262763136252,0.1262642462856407,-0.4494623309867399,-1.1094572437982944,0.4622279129321383,0.75,2022:-0.063;2023:-0.001;2024:+0.027;2025:-0.025,False,False,False
팩터_평균회귀,20,781,-0.013640586407472028,0.14976856000092126,-0.0050756039613613045,-2.5452937072412807,0.5646606914212549,0.75,2022:-0.013;2023:+0.009;2024:-0.031;2025:-0.022,False,False,False
5일수익률,20,781,0.001705226073437585,0.15543071270481132,-0.9626911314870752,0.3065989357755559,0.49551856594110116,0.5,2022:-0.010;2023:-0.001;2024:+0.003;2025:+0.009,False,False,False
20일수익률,20,781,0.017915196628253253,0.16148196261719883,0.6807849428006554,3.100438184662297,0.5505761843790012,1.0,2022:+0.002;2023:+0.007;2024:+0.038;2025:+0.013,False,False,False
거래량Z(20),20,781,0.0006266635719784927,0.06580573350337358,1.364729781018324,0.26613146975645624,0.5211267605633803,0.5,2022:+0.013;2023:-0.001;2024:+0.002;2025:-0.006,False,False,False
52주포지션,20,781,0.028049772373320066,0.19218344898255102,1.021665215602058,4.078860713392416,0.5928297055057619,0.75,2022:-0.002;2023:+0.007;2024:+0.065;2025:+0.021,False,False,False
ATR%,20,781,0.029366101897320175,0.2478664028764468,0.6899111732602803,3.3109616782486158,0.5224071702944942,0.75,2022:+0.030;2023:+0.046;2024:-0.002;2025:+0.050,False,False,False
RSI,20,781,0.016375351132633827,0.1544546484898965,0.22582542917079396,2.9628874521945248,0.5736235595390525,0.75,2022:+0.015;2023:-0.009;2024:+0.036;2025:+0.024,False,False,False
macd_hist,20,781,0.0017128719652747964,0.12469453664085149,-0.09920560298351616,0.3838866350456686,0.48655569782330343,0.75,2022:+0.015;2023:-0.008;2024:+0.000;2025:+0.010,False,False,False
stoch_k,20,781,0.007135663701224578,0.13755854536277792,-0.05622461439802567,1.4496805634211563,0.5364916773367477,0.75,2022:+0.006;2023:-0.015;2024:+0.022;2025:+0.017,False,False,False
roc_10,20,781,0.00876861122614772,0.1579991997347746,0.4909491749742049,1.5509630268782069,0.5480153649167734,0.75,2022:-0.007;2023:+0.006;2024:+0.014;2025:+0.013,False,False,False
adx,20,781,0.000528875960299389,0.09560322296581966,-0.05766183354657054,0.154599046279289,0.5441741357234315,0.25,2022:-0.020;2023:-0.020;2024:-0.005;2025:+0.046,False,False,False
ema_gap_20_50,20,781,0.007912160771241987,0.1845746621605448,0.1271750568452175,1.19797715997098,0.5608194622279129,0.75,2022:+0.004;2023:-0.024;2024:+0.046;2025:+0.002,False,False,False
ema_gap_50_200,20,781,0.02470605648684176,0.20214923268123228,0.9816117513468191,3.415520134134331,0.5992317541613317,0.5,2022:-0.002;2023:+0.011;2024:+0.070;2025:-0.005,False,False,False
ema200_slope_20,20,781,0.020880361662311418,0.20258030992430273,0.7914872173834016,2.8804895393174266,0.5825864276568502,0.25,2022:-0.000;2023:-0.000;2024:+0.068;2025:-0.004,False,False,False
close_to_ema200_pct,20,781,0.024370073381891268,0.19591660437241035,0.8171431028822977,3.4762508563888828,0.5851472471190781,0.75,2022:-0.005;2023:+0.002;2024:+0.067;2025:+0.012,False,False,False
bollinger_pband,20,781,0.009233755799121886,0.14072563040629527,-0.09937210208717072,1.8337101920981531,0.5480153649167734,0.75,2022:+0.014;2023:-0.010;2024:+0.020;2025:+0.018,False,False,False
obv_z20,20,781,0.006678953742467275,0.11413777391793047,-0.5313067283220417,1.6353268015309956,0.558258642765685,0.5,2022:-0.009;2023:-0.002;2024:+0.018;2025:+0.011,False,False,False
cmf_20,20,781,0.021743955132286975,0.12464196736546582,0.9321332758543943,4.875282261133123,0.5723431498079385,0.75,2022:+0.009;2023:-0.013;2024:+0.053;2025:+0.034,False,False,False
accdist_slope_5,20,781,0.007903039347470678,0.10064475308409701,-0.7668451146132027,2.194464311950797,0.5134443021766966,0.75,2022:-0.008;2023:+0.004;2024:+0.015;2025:+0.012,False,False,False
갭하락률,20,781,-0.0036244505337614634,0.17689462954165366,-1.0482886632011743,-0.5726022441278799,0.5172855313700384,0.75,2022:-0.005;2023:+0.000;2024:-0.003;2025:-0.009,False,False,False
최근20일평균거래대금,20,781,0.02710321555365208,0.10704423548120781,1.9190997186475034,7.075922234082854,0.614596670934699,0.75,2022:-0.033;2023:+0.032;2024:+0.020;2025:+0.060,False,False,False
거래대금안정비,20,781,-0.00429792319673186,0.07411648267701088,-0.7066890873318611,-1.6205758638496264,0.5275288092189501,0.5,2022:+0.006;2023:-0.012;2024:+0.001;2025:-0.006,False,False,False
장중반등률,20,781,0.01280128110770574,0.1391554999148174,0.8698847231270945,2.570860878784851,0.5172855313700384,1.0,2022:+0.016;2023:+0.008;2024:+0.005;2025:+0.028,False,False,False
10일저점괴리,20,781,0.015146342435049594,0.15617188368184026,0.21369189838242392,2.710381595516346,0.528809218950064,0.75,2022:-0.006;2023:+0.020;2024:+0.004;2025:+0.035,False,False,False
10일고점괴리,20,781,-0.006696445928377586,0.15481373682865052,-1.0123691288848295,-1.2088165289114232,0.4878361075544174,0.75,2022:-0.012;2023:-0.018;2024:+0.011;2025:-0.013,False,False,False
거래량돌파배수,20,781,0.004214858371478055,0.07038049828025544,1.1691818905534075,1.67361733544545,0.5390524967989757,0.75,2022:+0.024;2023:+0.002;2024:+0.004;2025:-0.003,False,False,False
변동성압축,20,750,0.00849838700841235,0.12724359862338516,0.514640754880841,1.8290736497847,0.47733333333333333,0.75,2022:+0.122;2023:+0.001;2024:-0.026;2025:+0.027,False,False,False
dividend_yield,20,781,-0.028714335110450913,0.15946790502223612,-1.0914704407300613,-5.032120041012651,0.6235595390524968,0.75,2022:+0.009;2023:-0.072;2024:-0.009;2025:-0.016,False,False,False
obv_mom_5,20,781,-0.0007554060986450045,0.11047967684492765,-1.5195479791338018,-0.1910836851958179,0.5006402048655569,0.5,2022:-0.035;2023:-0.007;2024:+0.007;2025:+0.014,False,False,False
obv_mom_ratio,20,781,0.005685193717205463,0.07013088266223748,-0.13669697223473135,2.265486504472174,0.5646606914212549,0.75,2022:-0.003;2023:+0.002;2024:+0.006;2025:+0.016,False,False,False
일봉_골든크로스_신뢰도,20,781,0.004441304920713147,0.08352922604570279,-0.2566755175848502,1.4859276035603213,0.49167733674775926,0.5,2022:+0.026;2023:+0.013;2024:-0.005;2025:-0.004,False,False,False
주봉_골든크로스_신뢰도,20,781,-0.013327607082042059,0.07778990652928534,-0.9900724312046866,-4.78800337522753,0.5672215108834827,0.75,2022:+0.057;2023:-0.019;2024:-0.024;2025:-0.027,False,False,False
월봉_골든크로스_신뢰도,20,771,-0.02912323772110504,0.07677776682791605,-2.7501825985372688,-10.532497585131084,0.6472114137483788,0.75,2022:+0.040;2023:-0.048;2024:-0.035;2025:-0.027,True,False,True
주봉_MA갭,20,781,0.009744446736231325,0.18009890759391248,0.6324115189781002,1.5120690512644563,0.5556978233034571,0.75,2022:+0.009;2023:+0.001;2024:+0.044;2025:-0.025,False,False,False
월봉_MA갭,20,781,0.013442966226737513,0.18275279061170746,0.752804868988073,2.0556851905647116,0.5685019206145967,0.5,2022:+0.008;2023:-0.001;2024:+0.048;2025:-0.011,False,False,False
반등스코어,20,781,-0.008346835346940515,0.08043120031533503,-1.268210812953699,-2.900165710890066,0.5531370038412292,1.0,2022:-0.003;2023:-0.001;2024:-0.008;2025:-0.021,False,False,False
시장상대강도,20,781,0.017915196628253253,0.16148196261719883,0.6807849428006554,3.100438184662297,0.5505761843790012,1.0,2022:+0.002;2023:+0.007;2024:+0.038;2025:+0.013,False,False,False
섹터상대강도,20,781,0.019735666520350123,0.15033714740673168,0.5867259136768656,3.668689947080275,0.5544174135723432,1.0,2022:+0.008;2023:+0.012;2024:+0.037;2025:+0.012,False,False,False
