factor,horizon,n_dates,mean_ic,ic_std,t_nonoverlap,t_nw,t_naive,hit_rate,year_sign_consistency,yearly_ic,pass_t2,pass_t3,pass_gate
트렌드점수,5,781,0.0026855438905811113,0.17732300827591985,0.7589811509792209,0.24328752455470756,0.4232458232582875,0.5070422535211268,0.5,2022:-0.034;2023:-0.012;2024:+0.021;2025:+0.017,False,False,False
알파점수,5,781,0.0026855438905811113,0.17732300827591985,0.7589811509792209,0.24328752455470756,0.4232458232582875,0.5070422535211268,0.5,2022:-0.034;2023:-0.012;2024:+0.021;2025:+0.017,False,False,False
팩터_모멘텀,5,781,-0.006379420475999906,0.17805510541658612,-0.5774314209071494,-0.5837833708878781,-1.0012725593115575,0.5032010243277849,0.5,2022:+0.016;2023:-0.025;2024:+0.003;2025:-0.005,False,False,False
팩터_추세,5,781,-0.0006844237676613382,0.18120222983359502,-0.006236796948680342,-0.059767773674292125,-0.10555700561941346,0.4686299615877081,0.5,2022:-0.004;2023:-0.020;2024:+0.006;2025:+0.018,False,False,False
팩터_거래량,5,781,-0.007454434313563297,0.13201666819260202,-1.4276305824766329,-0.9254771840240414,-1.5780161412771618,0.48911651728553135,0.5,2022:-0.009;2023:-0.025;2024:+0.003;2025:+0.004,False,False,False
팩터_변동성,5,781,-0.009172023594804143,0.13040414924955868,-1.0678842059748057,-1.1119972149766455,-1.9656186767963337,0.4827144686299616,0.75,2022:-0.028;2023:-0.014;2024:+0.010;2025:-0.019,False,False,False
팩터_평균회귀,5,781,0.008251345308511543,0.16628410707252184,1.0557981347605836,0.8288932991658738,1.3867543487155543,0.49039692701664533,0.75,2022:-0.006;2023:+0.022;2024:+0.006;2025:+0.001,False,False,False
5일수익률,5,781,-0.013297311450162445,0.16649934816061207,-1.6993588929669792,-1.4718169425313699,-2.231910730999404,0.5211267605633803,1.0,2022:-0.035;2023:-0.007;2024:-0.018;2025:-0.005,False,False,False
20일수익률,5,781,-0.0046431792834111495,0.1799452626660028,-0.3482839531429048,-0.4174067907081047,-0.721108396269344,0.5019206145966709,0.5,2022:+0.015;2023:-0.017;2024:-0.004;2025:+0.001,False,False,False
거래량Z(20),5,781,0.0012535283608641097,0.07357409296001281,0.3249121250867519,0.34472530404999424,0.47614010619117,0.5057618437900128,0.25,2022:-0.002;2023:-0.000;2024:+0.007;2025:-0.003,False,False,False
52주포지션,5,781,0.005618562181524449,0.20217361451731872,0.24024991563851855,0.43624343354774514,0.7766515851322906,0.5428937259923176,0.75,2022:+0.028;2023:-0.026;2024:+0.024;2025:+0.012,False,False,False
ATR%,5,781,0.019991433455217464,0.25783114831867604,0.8268294779027275,1.2067061040725466,2.1668760514410232,0.5121638924455826,0.5,2022:-0.016;2023:+0.046;2024:-0.005;2025:+0.036,False,False,False
RSI,5,781,-0.005741854304457917,0.17031135258910315,-0.8519950995408936,-0.5548484929696519,-0.9421804473029146,0.47247119078104993,0.5,2022:+0.008;2023:-0.021;2024:-0.001;2025:+0.000,False,False,False
macd_hist,5,781,-0.01502027390289592,0.15584813801794042,-1.262342776360457,-1.5002433919376166,-2.6934055539649404,0.5160051216389244,0.75,2022:-0.017;2023:-0.013;2024:-0.030;2025:+0.003,False,False,False
stoch_k,5,781,-0.011164263858233384,0.15274761410986842,-1.4334896856308361,-1.2655254836162273,-2.0425898698280727,0.4878361075544174,0.75,2022:-0.009;2023:-0.020;2024:-0.013;2025:+0.001,False,False,False
roc_10,5,781,-0.013865833484890847,0.17331724629560077,-0.8650175175193722,-1.3350746172432828,-2.235783347529079,0.5057618437900128,1.0,2022:-0.008;2023:-0.011;2024:-0.026;2025:-0.004,False,False,False
adx,5,781,0.004343525806424948,0.11529072854318914,0.5502668054107904,0.5838514349317533,1.0528670623088843,0.5467349551856594,0.5,2022:-0.017;2023:+0.002;2024:-0.004;2025:+0.029,False,False,False
ema_gap_20_50,5,781,-0.003565458034628155,0.19436722848640176,-0.39513005824548936,-0.291481688579321,-0.5126462726841275,0.5070422535211268,0.25,2022:+0.007;2023:-0.027;2024:+0.012;2025:+0.002,False,False,False
ema_gap_50_200,5,781,0.007410890346023273,0.22266679824941932,0.4563726888281939,0.5206377807974611,0.930123120335262,0.5352112676056338,0.75,2022:+0.018;2023:-0.022;2024:+0.033;2025:+0.008,False,False,False
ema200_slope_20,5,781,0.005756546987429953,0.22049185814302416,0.3516805161405974,0.4092098281552866,0.729617115928136,0.5249679897567221,0.75,2022:+0.016;2023:-0.026;2024:+0.031;2025:+0.009,False,False,False
close_to_ema200_pct,5,781,3.594135886535591e-05,0.20404696199314412,-0.13290101577813032,0.0028186944963085893,0.004922547059842025,0.5160051216389244,0.75,2022:+0.011;2023:-0.028;2024:+0.021;2025:+0.005,False,False,False
bollinger_pband,5,781,-0.011381014328434632,0.1585709853085568,-1.4015504931238472,-1.2245834267704188,-2.005777532417176,0.49167733674775926,0.75,2022:+0.007;2023:-0.021;2024:-0.015;2025:-0.003,False,False,False
obv_z20,5,781,-0.010752016609150181,0.12952864512189638,-1.9169589286334647,-1.424808815267833,-2.3197950677675756,0.47247119078104993,1.0,2022:-0.013;2023:-0.019;2024:-0.009;2025:-0.001,False,False,False
cmf_20,5,781,-0.0010786887579193186,0.12797131888646507,-0.6196994718016097,-0.13285940629307036,-0.2355640560670173,0.47631241997439183,0.5,2022:-0.002;2023:-0.023;2024:+0.012;2025:+0.011,False,False,False
accdist_slope_5,5,781,0.00016039739156636937,0.11719794929266814,-0.7446661595356597,0.024678688270126214,0.03824747819964185,0.4967989756722151,0.25,2022:-0.017;2023:-0.003;2024:-0.001;2025:+0.014,False,False,False
갭하락률,5,781,-0.009894483012309583,0.19263441460845554,-1.8372365612225614,-1.4845493875114881,-1.4354390168031101,0.5236875800256082,0.75,2022:+0.004;2023:-0.009;2024:-0.018;2025:-0.008,False,False,False
최근20일평균거래대금,5,781,0.01268600692449033,0.12298602916028824,1.2046949211794749,1.6253251775220252,2.882668360064356,0.5531370038412292,0.75,2022:-0.002;2023:+0.010;2024:+0.010;2025:+0.028,False,False,False
거래대금안정비,5,781,-0.0018546003772994817,0.08584545589495228,-0.3247405826498005,-0.3348609553742132,-0.6037519540812397,0.5134443021766966,0.5,2022:+0.016;2023:+0.000;2024:-0.006;2025:-0.008,False,False,False
장중반등률,5,781,0.004560669991671152,0.14401998115745854,-0.21351609171123145,0.6868961385402167,0.8849758412790621,0.4967989756722151,0.5,2022:-0.008;2023:+0.006;2024:-0.001;2025:+0.016,False,False,False
10일저점괴리,5,781,-0.0024062493669598267,0.16807231059897845,-0.6265459003934002,-0.24428940770806376,-0.4001013151228698,0.48655569782330343,0.5,2022:-0.032;2023:+0.007;2024:-0.017;2025:+0.019,False,False,False
10일고점괴리,5,781,-0.019499957958120658,0.16141753319126026,-1.9847383310028828,-2.180258752596434,-3.3760470141919448,0.499359795134443,1.0,2022:-0.014;2023:-0.022;2024:-0.022;2025:-0.016,False,False,False
거래량돌파배수,5,781,0.0005555192521630075,0.0748478999953523,-0.1066094919191148,0.1430537425928333,0.20741731668679353,0.4942381562099872,0.5,2022:+0.002;2023:-0.001;2024:+0.007;2025:-0.007,False,False,False
변동성압축,5,750,0.01130571250570724,0.13181159259559763,1.1772678895346238,1.3286273030751403,2.3489564332336768,0.49333333333333335,0.75,2022:+0.060;2023:+0.014;2024:-0.009;2025:+0.019,False,False,False
dividend_yield,5,781,-0.01095878420404863,0.1796134134678225,-0.7116820873242162,-0.9427966234939112,-1.7050971382390003,0.5352112676056338,0.75,2022:+0.019;2023:-0.035;2024:-0.006;2025:-0.001,False,False,False
obv_mom_5,5,781,-0.008272244617613438,0.12405558743694704,-1.852234988183296,-1.2213752838158654,-1.8635135535390959,0.4980793854033291,0.75,2022:-0.026;2023:+0.000;2024:-0.012;2025:-0.006,False,False,False
obv_mom_ratio,5,781,0.0007287218957680296,0.07403739624603198,0.34286410120347444,0.16102719130018675,0.2750655482744086,0.5057618437900128,0.5,2022:+0.024;2023:-0.017;2024:-0.004;2025:+0.018,False,False,False
일봉_골든크로스_신뢰도,5,780,-0.0025441340852953524,0.10590681644952826,-0.8455488695236647,-0.38451282666626374,-0.6709086395308613,0.5038461538461538,0.5,2022:+0.016;2023:+0.006;2024:-0.010;2025:-0.014,False,False,False
주봉_골든크로스_신뢰도,5,781,-0.003604458930786073,0.07755962202401805,-0.44142724316695353,-0.750694862491299,-1.2987630205372211,0.5044814340588989,0.5,2022:+0.014;2023:+0.005;2024:-0.008;2025:-0.017,False,False,False
월봉_골든크로스_신뢰도,5,771,-0.013688449260753785,0.08733359063505594,-1.5557489026058127,-2.486446264191271,-4.352112602894929,0.5758754863813229,0.75,2022:+0.012;2023:-0.014;2024:-0.013;2025:-0.026,False,False,False
주봉_MA갭,5,781,0.0005928839337479937,0.20727619101954933,0.16090793032413234,0.04510254425861502,0.07993661974220392,0.5172855313700384,0.5,2022:+0.016;2023:-0.021;2024:+0.019;2025:-0.004,False,False,False
월봉_MA갭,5,781,-0.0010963407025146375,0.20533935433793388,0.09017136698575379,-0.0846142519175896,-0.14921032034187243,0.47503201024327785,0.5,2022:+0.017;2023:-0.026;2024:+0.017;2025:-0.001,False,False,False
반등스코어,5,781,0.002076657047312231,0.08683566635083259,0.2895392831196648,0.4411142062955055,0.6683318462323468,0.499359795134443,0.75,2022:-0.020;2023:+0.002;2024:+0.003;2025:+0.012,False,False,False
시장상대강도,5,781,-0.0046431792834111495,0.1799452626660028,-0.3482839531429048,-0.4174067907081047,-0.721108396269344,0.5019206145966709,0.5,2022:+0.015;2023:-0.017;2024:-0.004;2025:+0.001,False,False,False
섹터상대강도,5,781,-0.0028555555381387446,0.16471505601313693,-0.3199497102656091,-0.278947857948354,-0.4844877826426288,0.4852752880921895,0.5,2022:+0.017;2023:-0.013;2024:-0.004;2025:+0.002,False,False,False
트렌드점수,10,781,-0.006242420409528461,0.17227126738732734,-0.0976757612574022,-0.4600096450393647,-1.0126647246941383,0.5019206145966709,0.5,2022:-0.053;2023:-0.018;2024:+0.015;2025:+0.005,False,False,False
알파점수,10,781,-0.006242420409528461,0.17227126738732734,-0.0976757612574022,-0.4600096450393647,-1.0126647246941383,0.5019206145966709,0.5,2022:-0.053;2023:-0.018;2024:+0.015;2025:+0.005,False,False,False
팩터_모멘텀,10,781,-0.008298189381787028,0.17342926705200037,-0.3353748570775365,-0.5630384034353971,-1.3371695255915474,0.46094750320102434,0.5,2022:+0.020;2023:-0.034;2024:+0.008;2025:-0.011,False,False,False
팩터_추세,10,781,-0.005025544534440141,0.17597507644732338,-0.16357387707818202,-0.32869355661499366,-0.7981003114515635,0.4814340588988476,0.5,2022:-0.011;2023:-0.032;2024:+0.010;2025:+0.013,False,False,False
팩터_거래량,10,781,-0.0024867433084032635,0.13465464442493097,-0.6915352916488307,-0.2332240798224678,-0.5161015192241396,0.44558258642765686,0.5,2022:-0.014;2023:-0.031;2024:+0.019;2025:+0.012,False,False,False
팩터_변동성,10,781,-0.012585973791909575,0.1323977247182292,-0.4115464277367773,-1.091977536871219,-2.6566345613625963,0.5019206145966709,0.75,2022:-0.047;2023:-0.022;2024:+0.020;2025:-0.027,False,False,False
팩터_평균회귀,10,781,0.003743055010460551,0.16456862140874767,0.45382917894225083,0.29106461333689604,0.63563045251689,0.4673495518565941,0.25,2022:-0.017;2023:+0.028;2024:-0.005;2025:-0.007,False,False,False
5일수익률,10,781,-0.012028425937970929,0.173319737080957,-0.5876049178983337,-1.0681931752496556,-1.939484413872986,0.5096030729833547,1.0,2022:-0.020;2023:-0.009;2024:-0.018;2025:-0.004,False,False,False
20일수익률,10,781,-0.0016972662556837149,0.17267799868091077,0.22727988698743629,-0.11848936063871388,-0.27468724096223424,0.47631241997439183,0.5,2022:+0.015;2023:-0.018;2024:+0.009;2025:-0.003,False,False,False
거래량Z(20),10,781,0.0012414471385445648,0.07217349037811047,-0.6092593440051715,0.30887991320342484,0.4807021228550864,0.5185659411011524,0.5,2022:-0.004;2023:-0.001;2024:+0.005;2025:+0.001,False,False,False
52주포지션,10,781,0.004444883520293734,0.1982887938354977,0.3733903798616764,0.25409693004863504,0.6264518996580738,0.5326504481434059,0.75,2022:+0.022;2023:-0.033;2024:+0.034;2025:+0.006,False,False,False
ATR%,10,781,0.029326016326342543,0.2527751827010854,0.8539183222450986,1.2842308886128302,3.2422325087608757,0.5044814340588989,0.75,2022:+0.002;2023:+0.059;2024:-0.009;2025:+0.055,False,False,False
RSI,10,781,-0.0010510001967641968,0.16780166988943948,-0.23745691254055562,-0.07806035857633753,-0.175037876450432,0.45454545454545453,0.25,2022:+0.020;2023:-0.027;2024:+0.011;2025:+0.007,False,False,False
macd_hist,10,781,-0.009660209521965514,0.15899917784963605,-0.4474845562799937,-0.708002341272832,-1.6979198447701767,0.5108834827144686,0.5,2022:+0.005;2023:-0.020;2024:-0.021;2025:+0.012,False,False,False
stoch_k,10,781,-0.007725264478559957,0.1525412406692583,-0.6010926786596884,-0.6759348797217231,-1.4153100783319004,0.4788732394366197,0.5,2022:+0.001;2023:-0.026;2024:-0.005;2025:+0.010,False,False,False
roc_10,10,781,-0.009610691662082626,0.17111786030598883,0.09528658765620635,-0.7203757760160835,-1.5695849287801062,0.469910371318822,0.75,2022:-0.004;2023:-0.019;2024:-0.014;2025:+0.006,False,False,False
adx,10,781,0.002697725784264657,0.11307100979154883,0.012843044380957224,0.2679290107512567,0.666763855346833,0.5544174135723432,0.25,2022:-0.022;2023:-0.002;2024:-0.008;2025:+0.036,False,False,False
ema_gap_20_50,10,781,-0.008251695264484528,0.1906914890959993,-0.5822247703099614,-0.48518566298857774,-1.2093092864288393,0.48911651728553135,0.5,2022:+0.007;2023:-0.042;2024:+0.016;2025:-0.004,False,False,False
ema_gap_50_200,10,781,0.0026086413909592486,0.2139683046741411,0.37547512751223594,0.13837083783017162,0.34071437107204916,0.5377720870678617,0.5,2022:+0.006;2023:-0.030;2024:+0.039;2025:-0.006,False,False,False
ema200_slope_20,10,781,0.001033298473370149,0.21336396319519008,0.2704443385026314,0.05437209065522049,0.13534126611795536,0.5224071702944942,0.5,2022:+0.006;2023:-0.035;2024:+0.038;2025:-0.004,False,False,False
close_to_ema200_pct,10,781,-0.0027527282899179333,0.1974496193017943,-0.0012965168084470092,-0.15931118997186478,-0.3896122132820856,0.4839948783610755,0.5,2022:+0.004;2023:-0.037;2024:+0.028;2025:-0.002,False,False,False
bollinger_pband,10,781,-0.008162769289997599,0.15754178931793647,-0.6852074508376899,-0.6920062000347683,-1.4479956763615005,0.4814340588988476,0.5,2022:+0.014;2023:-0.029;2024:-0.006;2025:+0.006,False,False,False
obv_z20,10,781,-0.006639804796794013,0.12718980879175174,-0.6557221764138936,-0.7100926364638089,-1.4589100440833902,0.4686299615877081,0.5,2022:-0.013;2023:-0.023;2024:+0.004;2025:+0.005,False,False,False
cmf_20,10,781,0.00223185135329285,0.13249972582735048,-0.27636466347090133,0.20236987489655006,0.4707342557858645,0.5633802816901409,0.5,2022:-0.009;2023:-0.027;2024:+0.026;2025:+0.016,False,False,False
accdist_slope_5,10,781,0.0001895120760859,0.12018119364266028,-0.08146624673045885,0.02381868453395978,0.04406825898842398,0.5032010243277849,0.5,2022:-0.020;2023:-0.005;2024:+0.003;2025:+0.015,False,False,False
갭하락률,10,781,-0.008734270849746682,0.185290410410585,-1.9758395924506655,-1.5675957347556115,-1.3173440946627946,0.5083226632522407,0.5,2022:+0.005;2023:+0.000;2024:-0.014;2025:-0.020,False,False,False
최근20일평균거래대금,10,781,0.01792035653060364,0.1171164978878007,1.4153692152514916,1.7088518699375288,4.276161366179879,0.5685019206145967,1.0,2022:+0.002;2023:+0.017;2024:+0.010;2025:+0.037,False,False,False
거래대금안정비,10,781,-0.004641645513959778,0.08478245360163501,-0.6025701799306452,-0.6128718823912795,-1.5300002649980091,0.5390524967989757,0.75,2022:+0.021;2023:-0.001;2024:-0.011;2025:-0.014,False,False,False
장중반등률,10,781,0.010264105216337902,0.13865923189476614,0.762910540479704,1.2346156426618031,2.068701465692523,0.5147247119078106,0.5,2022:-0.005;2023:+0.012;2024:-0.001;2025:+0.031,False,False,False
10일저점괴리,10,781,0.0024734662228061317,0.1713799138008445,0.07028088015852227,0.1857942867904354,0.40334026656166394,0.5454545454545454,0.5,2022:-0.021;2023:+0.008;2024:-0.014;2025:+0.030,False,False,False
10일고점괴리,10,781,-0.01875802111741618,0.16323676709984658,-1.0221061920144383,-1.6726286505489165,-3.211401104387901,0.5172855313700384,1.0,2022:-0.011;2023:-0.027;2024:-0.012;2025:-0.021,False,False,False
거래량돌파배수,10,781,0.0027752692956753053,0.07568778415651803,-0.31171240387823534,0.5882115727383838,1.0247191604581245,0.5262483994878361,1.0,2022:+0.003;2023:+0.000;2024:+0.007;2025:+0.000,False,False,False
변동성압축,10,750,0.014710914961066563,0.13422654183231666,0.5592339492061367,1.2302212054768673,3.001455545126936,0.512,0.75,2022:+0.085;2023:+0.022;2024:-0.020;2025:+0.028,False,False,False
dividend_yield,10,781,-0.014783447085995053,0.16924859261305536,-0.7120853143788369,-0.9967755963503148,-2.4410471163861684,0.5416133162612036,0.75,2022:+0.018;2023:-0.046;2024:-0.005;2025:-0.003,False,False,False
obv_mom_5,10,781,-0.009020908191291222,0.12604447314367842,-0.3856033977000592,-1.1292943828390243,-2.0001012098184026,0.49551856594110116,1.0,2022:-0.033;2023:-0.007;2024:-0.008;2025:-0.001,False,False,False
obv_mom_ratio,10,781,0.00276291679982176,0.07312356623748574,-0.8047676369367236,0.47364575107639734,1.0559320216719343,0.5236875800256082,0.75,2022:+0.024;2023:-0.017;2024:+0.001;2025:+0.022,False,False,False
일봉_골든크로스_신뢰도,10,780,-0.000865070978759351,0.10316690500222615,-0.7204916610052289,-0.09990526108306373,-0.23418476694697887,0.5076923076923077,0.5,2022:+0.028;2023:+0.005;2024:-0.010;2025:-0.012,False,False,False
주봉_골든크로스_신뢰도,10,781,-0.006681394140429626,0.07781166901664459,-0.8371572581277185,-0.9773631894040778,-2.399649864818744,0.5416133162612036,0.5,2022:+0.025;2023:+0.001;2024:-0.014;2025:-0.024,False,False,False
월봉_골든크로스_신뢰도,10,771,-0.019321271384446715,0.08367003314629139,-1.7970089965976943,-2.62005637705662,-6.411991656964233,0.5927367055771725,0.75,2022:+0.021;2023:-0.020;2024:-0.023;2025:-0.032,False,False,False
주봉_MA갭,10,781,-0.005710928295805073,0.19552966967150168,0.0424334944260112,-0.33981892157277666,-0.8162431651801245,0.4878361075544174,0.5,2022:+0.011;2023:-0.029;2024:+0.021;2025:-0.020,False,False,False
월봉_MA갭,10,781,-0.006287186257252017,0.19418368805734532,-0.017986609314233525,-0.3752781164583193,-0.904834389471931,0.4814340588988476,0.5,2022:+0.010;2023:-0.034;2024:+0.019;2025:-0.011,False,False,False
반등스코어,10,781,-0.0038210776833097386,0.08593498465925947,-0.6905950353193508,-0.7242446473458919,-1.242628700837969,0.5224071702944942,0.75,2022:-0.011;2023:-0.006;2024:+0.002;2025:-0.006,False,False,False
시장상대강도,10,781,-0.0016972662556837149,0.17267799868091077,0.22727988698743629,-0.11848936063871388,-0.27468724096223424,0.47631241997439183,0.5,2022:+0.015;2023:-0.018;2024:+0.009;2025:-0.003,False,False,False
섹터상대강도,10,781,0.0007298183787027702,0.15975706591196076,0.20873153649160625,0.054982681855920375,0.1276674656016728,0.5390524967989757,0.5,2022:+0.017;2023:-0.012;2024:+0.009;2025:-0.002,False,False,False
트렌드점수,20,781,-0.03434872804090665,0.15750987426735305,-1.758465622697137,-2.2265179792410836,-6.09436402316935,0.58898847631242,1.0,2022:-0.096;2023:-0.024;2024:-0.030;2025:-0.023,False,False,False
알파점수,20,781,-0.03434872804090665,0.15750987426735305,-1.758465622697137,-2.2265179792410836,-6.09436402316935,0.58898847631242,1.0,2022:-0.096;2023:-0.024;2024:-0.030;2025:-0.023,False,False,False
팩터_모멘텀,20,781,-0.006905328890504986,0.16872422303865553,-0.509465883687806,-0.3620173609306364,-1.1437535320123167,0.4801536491677337,0.75,2022:-0.020;2023:-0.022;2024:+0.018;2025:-0.014,False,False,False
팩터_추세,20,781,-0.007439524853300079,0.16788759915268536,-0.1630914300413504,-0.3722893780607523,-1.238374775588631,0.48911651728553135,0.5,2022:-0.049;2023:-0.024;2024:+0.009;2025:+0.013,False,False,False
팩터_거래량,20,781,0.005462476380684551,0.12747760089122867,-0.3931252466400683,0.4182217019426606,1.1975156768703483,0.5339308578745199,0.5,2022:-0.020;2023:-0.017;2024:+0.029;2025:+0.017,False,False,False
팩터_변동성,20,781,-0.013644083461063354,0.12883784407333795,-0.8107144181513791,-0.854884645077813,-2.9595551371903155,0.48911651728553135,0.75,2022:-0.069;2023:-0.015;2024:+0.023;2025:-0.034,False,False,False
팩터_평균회귀,20,781,-0.0020762661046695953,0.15534365288216004,0.6429198560858195,-0.13606588856469723,-0.37352099492934737,0.5339308578745199,0.5,2022:+0.002;2023:+0.020;2024:-0.017;2025:-0.013,False,False,False
5일수익률,20,781,-0.004579494976129035,0.16064320551891595,-1.1698097149561049,-0.4111584743265865,-0.7966741804567687,0.5096030729833547,0.75,2022:-0.017;2023:-0.009;2024:-0.004;2025:+0.006,False,False,False
20일수익률,20,781,0.004808882510101949,0.16706558606113595,0.13470693225128547,0.2646709168907136,0.8044196762860726,0.5211267605633803,0.5,2022:-0.020;2023:-0.005;2024:+0.021;2025:+0.008,False,False,False
거래량Z(20),20,781,-0.0004572364499009999,0.07139727202186104,1.0734309920530565,-0.10222855803901253,-0.1789718563200047,0.49167733674775926,0.5,2022:+0.008;2023:-0.002;2024:+0.001;2025:-0.005,False,False,False
52주포지션,20,781,0.00714557293442907,0.19262708954356383,0.33912729224991167,0.3100501280435975,1.036681170790818,0.5403329065300896,0.5,2022:-0.030;2023:-0.013;2024:+0.044;2025:+0.003,False,False,False
ATR%,20,781,0.037670608464347034,0.2463586950774183,0.8986672194993957,1.1832467055623683,4.273269243075605,0.5070422535211268,0.75,2022:+0.065;2023:+0.058;2024:-0.013;2025:+0.065,False,False,False
RSI,20,781,0.0026126501449252747,0.15935459788754186,-0.49755994593192715,0.15860662196003641,0.4581863810322311,0.5416133162612036,0.5,2022:-0.003;2023:-0.021;2024:+0.021;2025:+0.012,False,False,False
macd_hist,20,781,0.002347385430159022,0.13341270691299853,0.05327206182445658,0.17313713735635256,0.4917141720719964,0.47759282970550576,0.5,2022:+0.008;2023:-0.002;2024:-0.002;2025:+0.012,False,False,False
stoch_k,20,781,-0.000663350677749566,0.1431788466154579,-0.5245745710846428,-0.053944633273369166,-0.12947616712274615,0.4839948783610755,0.5,2022:-0.003;2023:-0.022;2024:+0.011;2025:+0.013,False,False,False
roc_10,20,781,0.0003265241679312742,0.16486031409950208,0.041075030711375214,0.021852622649432055,0.055350904915584656,0.5160051216389244,0.5,2022:-0.017;2023:-0.003;2024:+0.003;2025:+0.010,False,False,False
adx,20,781,0.0006855987085022873,0.1031402434688808,-0.21047361866778827,0.05332830635836136,0.1857664815241019,0.5620998719590269,0.25,2022:-0.027;2023:-0.010;2024:-0.018;2025:+0.054,False,False,False
ema_gap_20_50,20,781,-0.013094222939544934,0.18424189716196018,-0.6918910107518436,-0.5819301220520743,-1.9861719802777655,0.47503201024327785,0.75,2022:-0.024;2023:-0.042;2024:+0.022;2025:-0.015,False,False,False
ema_gap_50_200,20,781,-0.0012378246954452639,0.19963057694061298,0.2541495624502921,-0.050563171279946285,-0.1732836542749692,0.46350832266325226,0.75,2022:-0.037;2023:-0.015;2024:+0.039;2025:-0.019,False,False,False
ema200_slope_20,20,781,-0.004458711509283139,0.20023547155446725,0.05700436080235674,-0.1811656170085342,-0.6222915091336438,0.469910371318822,0.75,2022:-0.033;2023:-0.024;2024:+0.038;2025:-0.021,False,False,False
close_to_ema200_pct,20,781,-0.0012710112944307331,0.1940756517764584,-0.03080701006940563,-0.054470316718488336,-0.18302224295639333,0.47759282970550576,0.75,2022:-0.037;2023:-0.024;2024:+0.038;2025:-0.006,False,False,False
bollinger_pband,20,781,0.001057768389616486,0.14749111651197036,-0.585155617834293,0.08024463727204124,0.20042423660455586,0.5198463508322664,0.75,2022:+0.004;2023:-0.017;2024:+0.010;2025:+0.012,False,False,False
obv_z20,20,781,-0.000889005415850991,0.11927479759031226,-1.2824120582666,-0.08470369426213903,-0.20829614644783867,0.47247119078104993,0.5,2022:-0.023;2023:-0.007;2024:+0.008;2025:+0.007,False,False,False
cmf_20,20,781,0.007068048843508059,0.1270442281365975,0.26433497015733476,0.49151548987298366,1.5547842048579243,0.5262483994878361,0.5,2022:-0.016;2023:-0.023;2024:+0.038;2025:+0.018,False,False,False
accdist_slope_5,20,781,0.001382331262285219,0.10810616162981575,-0.9135523455473737,0.19772350743545947,0.3573445798396492,0.4878361075544174,0.5,2022:-0.016;2023:-0.001;2024:+0.009;2025:+0.003,False,False,False
갭하락률,20,781,-0.00499115084621189,0.17996894554887424,-1.1926747319877584,-0.7914382016788506,-0.7750480723745591,0.5326504481434059,1.0,2022:-0.005;2023:-0.000;2024:-0.007;2025:-0.008,False,False,False
최근20일평균거래대금,20,781,0.024552472898944296,0.11494235544721974,1.6258454357547993,1.6785535006417156,5.969537223853764,0.5902688860435339,1.0,2022:+0.002;2023:+0.029;2024:+0.010;2025:+0.050,False,False,False
거래대금안정비,20,781,-0.01264656668489239,0.07695005289757044,-1.6551954941148856,-1.4320414468459401,-4.592923719586254,0.6030729833546735,1.0,2022:-0.009;2023:-0.007;2024:-0.015;2025:-0.019,False,False,False
장중반등률,20,781,0.013013510637118801,0.13931346603862926,0.9449632293194138,1.15791425006069,2.610519195503788,0.5275288092189501,1.0,2022:+0.026;2023:+0.008;2024:+0.001;2025:+0.030,False,False,False
10일저점괴리,20,781,0.011634597483722938,0.15946759962962317,0.19818469223332333,0.7611395792194416,2.0389398905854046,0.5249679897567221,0.5,2022:-0.000;2023:+0.018;2024:-0.006;2025:+0.034,False,False,False
10일고점괴리,20,781,-0.014420429098723413,0.15747138223225018,-1.348652640929163,-1.0822685964182441,-2.559187235331458,0.5070422535211268,0.75,2022:-0.029;2023:-0.028;2024:+0.008;2025:-0.020,False,False,False
거래량돌파배수,20,781,0.0024979742886147554,0.07498722729329386,0.8811591580188215,0.4672561991169861,0.9309496335268916,0.5313700384122919,0.75,2022:+0.018;2023:+0.001;2024:+0.003;2025:-0.004,False,False,False
변동성압축,20,750,0.01624871472867798,0.13075682213537976,0.7573399858712707,0.9829662978695481,3.4031828863770195,0.49866666666666665,0.75,2022:+0.123;2023:+0.015;2024:-0.023;2025:+0.035,False,False,False
dividend_yield,20,781,-0.020012986869793557,0.15706867919085513,-0.7114110000712618,-1.0062176516263777,-3.560802085703603,0.5825864276568502,0.25,2022:+0.015;2023:-0.072;2024:+0.002;2025:+0.002,False,False,False
obv_mom_5,20,781,-0.0049243407639626546,0.11400521332367552,-1.910021028479813,-0.633800911943135,-1.2071157148160858,0.5083226632522407,0.5,2022:-0.043;2023:-0.010;2024:+0.003;2025:+0.011,False,False,False
obv_mom_ratio,20,781,0.007729914750274869,0.07179208048851875,-0.18261852724504332,1.1502752437010726,3.009010354039593,0.587708066581306,1.0,2022:+0.010;2023:+0.000;2024:+0.010;2025:+0.013,False,False,False
일봉_골든크로스_신뢰도,20,780,0.00456075602972779,0.08870653639391508,-0.10986588505843282,0.5075842755618629,1.4359142982963804,0.5012820512820513,0.5,2022:+0.030;2023:+0.010;2024:-0.003;2025:-0.005,False,False,False
주봉_골든크로스_신뢰도,20,781,-0.01187892007950923,0.08017847557317213,-0.9415255281338615,-1.2605432581480338,-4.140422715622768,0.5569782330345711,0.75,2022:+0.055;2023:-0.016;2024:-0.019;2025:-0.030,False,False,False
월봉_골든크로스_신뢰도,20,771,-0.02402143717267598,0.08352318711193239,-2.1675204522209395,-2.3422843900154233,-7.985812667134655,0.6277561608300908,0.75,2022:+0.047;2023:-0.039;2024:-0.030;2025:-0.028,True,False,True
주봉_MA갭,20,781,-0.011974875600287323,0.1775968674847955,-0.03235875139981424,-0.5631518635964766,-1.8843484994255328,0.4980793854033291,0.75,2022:-0.020;2023:-0.022;2024:+0.017;2025:-0.035,False,False,False
월봉_MA갭,20,781,-0.00952001872197306,0.18045297159494608,0.04044641786568636,-0.44214950399802816,-1.4743455430048031,0.48655569782330343,0.75,2022:-0.020;2023:-0.026;2024:+0.020;2025:-0.022,False,False,False
반등스코어,20,781,-0.009124832549759362,0.08374236937633221,-0.8969501892414776,-1.6470551866420364,-3.0451253582786593,0.5544174135723432,1.0,2022:-0.010;2023:-0.005;2024:-0.007;2025:-0.018,False,False,False
시장상대강도,20,781,0.004808882510101949,0.16706558606113595,0.13470693225128547,0.2646709168907136,0.8044196762860726,0.5211267605633803,0.5,2022:-0.020;2023:-0.005;2024:+0.021;2025:+0.008,False,False,False
섹터상대강도,20,781,0.007109707032200391,0.1544828778926957,0.00023677942285614228,0.42514954963118934,1.2861655439825777,0.528809218950064,0.75,2022:-0.012;2023:+0.003;2024:+0.019;2025:+0.006,False,False,False
