test_id,signal,h,n_months,n_avg,mean_ex,mean_net,t_nw,spread,t_spread,ic,t_ic,years_pos,n_years,first_half,second_half,yearly,판정
BM|h21,BM,21,115,369.04347826086956,0.00042641941250678983,-0.00157358058749321,0.1588681530199505,-0.0023253283691134674,-0.5360168469412122,-0.014179491892202582,-0.7668768740278381,5,10,-0.003852900518058061,0.004631957964958454,2016:+0.0113;2017:-0.0043;2018:-0.0053;2019:-0.0062;2020:-0.0025;2021:+0.0115;2022:+0.0006;2023:-0.0058;2024:+0.0009;2025:+0.0067,탈락
BM|h63,BM,63,114,368.6929824561403,0.0019030688283453764,-9.693117165462365e-05,0.24619053582052544,-0.007415540828203732,-0.5793407972723368,-0.027902606030142142,-0.9397673355935554,5,10,-0.0068302386992215415,0.010636376355912297,2016:+0.0411;2017:-0.0115;2018:-0.0238;2019:-0.0281;2020:+0.0246;2021:+0.0176;2022:-0.0062;2023:-0.0095;2024:+0.0114;2025:+0.0049,탈락
EP|h21,EP,21,115,388.2,0.0007534865219252036,-0.0012465134780747964,0.2896192708171061,-3.839861073162095e-06,-0.0011150002240477741,0.012405093051649422,0.8034555284669526,5,10,-0.0029378015638397057,0.004381131709659683,2016:+0.0064;2017:+0.0012;2018:-0.0040;2019:-0.0060;2020:-0.0031;2021:+0.0117;2022:+0.0036;2023:-0.0059;2024:-0.0008;2025:+0.0068,탈락
EP|h63,EP,63,114,387.7894736842105,0.000954440468887402,-0.001045559531112598,0.13430116856306312,-0.0012686539258482332,-0.1308495413803133,0.011309670133096882,0.45021640645497574,5,10,-0.006160558664140288,0.008069439601915092,2016:+0.0220;2017:+0.0031;2018:-0.0216;2019:-0.0265;2020:+0.0220;2021:+0.0130;2022:-0.0021;2023:-0.0068;2024:-0.0042;2025:+0.0204,탈락
GPA|h21,GPA,21,115,257.1304347826087,-0.00021113843547707807,-0.002211138435477078,-0.1471115563826959,0.0010361586996841684,0.3842608182506321,0.010517789470207277,0.8430076542187487,5,10,-0.00014922729020503376,-0.0002719821472099489,2016:-0.0125;2017:+0.0006;2018:+0.0076;2019:-0.0017;2020:+0.0041;2021:+0.0018;2022:-0.0001;2023:+0.0022;2024:-0.0020;2025:-0.0032,탈락
GPA|h63,GPA,63,114,256.5964912280702,-0.0015441919589246095,-0.0035441919589246093,-0.30992518393487317,0.0019644115291903258,0.2295598138239749,0.014951403150410129,0.7043217563803658,6,10,-0.00011335983740489788,-0.002975024080444322,2016:-0.0400;2017:+0.0022;2018:+0.0270;2019:-0.0060;2020:+0.0085;2021:+0.0033;2022:+0.0004;2023:+0.0068;2024:-0.0076;2025:-0.0184,탈락
AG|h21,AG,21,115,434.2608695652174,-0.0006962682875649664,-0.0026962682875649666,-0.5354665690363795,-0.0014386307366212013,-0.5600544919311014,-0.0067923258519449236,-0.6973911609019576,4,10,-0.0015460780380811088,0.00013888957070089787,2016:+0.0068;2017:-0.0008;2018:-0.0050;2019:-0.0032;2020:+0.0000;2021:+0.0022;2022:+0.0014;2023:-0.0046;2024:-0.0032;2025:-0.0005,탈락
AG|h63,AG,63,114,433.7894736842105,-0.001175407023456187,-0.003175407023456187,-0.3264952815388662,-0.0032770385153888274,-0.4459336615860733,-0.010822946601264495,-0.6481033666746691,4,10,-0.0038033310359400184,0.0014525169890276446,2016:+0.0133;2017:-0.0028;2018:-0.0121;2019:-0.0137;2020:+0.0126;2021:+0.0070;2022:+0.0074;2023:-0.0110;2024:-0.0086;2025:-0.0061,탈락
ACC|h21,ACC,21,115,397.7391304347826,0.0021448402182618165,0.00014484021826181642,1.89877954526396,0.0013960661520910486,0.9810560637213163,0.0012620419311742727,0.1699447438670955,8,10,0.0030810352828335706,0.0012247864479068174,2016:+0.0064;2017:+0.0022;2018:+0.0016;2019:+0.0018;2020:+0.0078;2021:+0.0013;2022:+0.0010;2023:+0.0019;2024:-0.0009;2025:-0.0045,탈락
ACC|h63,ACC,63,114,397.0877192982456,0.007382367708387927,0.005382367708387927,2.4951676242145155,0.005628480664186227,1.5124187352702303,0.00031895162637692097,0.029696524511649464,8,10,0.011746844581886476,0.003017890834889379,2016:+0.0115;2017:+0.0121;2018:+0.0127;2019:+0.0004;2020:+0.0315;2021:+0.0061;2022:+0.0010;2023:+0.0054;2024:-0.0074;2025:-0.0064,관찰
ISS|h21,ISS,21,115,398.5217391304348,0.0007828980759285299,-0.0012171019240714701,0.6267468051090138,0.0011065749314999318,0.49405184708757033,0.013539702030414899,1.139504338513247,7,10,-0.0014653435504418425,0.0029923769156373434,2016:+0.0026;2017:+0.0018;2018:-0.0019;2019:-0.0033;2020:-0.0026;2021:+0.0058;2022:+0.0015;2023:+0.0013;2024:+0.0004;2025:+0.0033,탈락
ISS|h63,ISS,63,114,398.13157894736844,0.001418978817530725,-0.0005810211824692751,0.4310028027703247,0.0021928425718373886,0.3645558188390043,0.015178806906649574,0.8822902322597455,7,10,-0.002990870544506114,0.0058288281795675625,2016:+0.0022;2017:+0.0049;2018:-0.0065;2019:-0.0105;2020:+0.0056;2021:+0.0089;2022:+0.0024;2023:+0.0027;2024:-0.0035;2025:+0.0144,탈락
COMP|h21,COMP,21,115,394.04347826086956,0.0004940998133973658,-0.0015059001866026343,0.2694092382199438,-6.695917595443498e-05,-0.019189753045650307,0.005308374588795408,0.33964059051468753,5,10,-0.002146837120856684,0.0030895033522332417,2016:+0.0063;2017:+0.0016;2018:-0.0040;2019:-0.0051;2020:-0.0020;2021:+0.0093;2022:+0.0022;2023:-0.0043;2024:-0.0021;2025:+0.0047,탈락
COMP|h63,COMP,63,114,393.64912280701753,0.002590232054306632,0.0005902320543066321,0.4943254265503421,1.9102799785783903e-05,0.0019580829462474206,0.0004736274581753104,0.01856559545278337,5,10,-0.0013985221766567532,0.006578986285270017,2016:+0.0208;2017:+0.0052;2018:-0.0129;2019:-0.0169;2020:+0.0213;2021:+0.0150;2022:-0.0004;2023:-0.0051;2024:-0.0085;2025:+0.0121,탈락
