,2019,2020,2021,2022,2023,2024,2025,mean_share
beta_252,2353.7017297148705,2155.340690821409,2153.690943837166,2367.5089203715324,2255.087640583515,2350.952074468136,2264.0536248087883,0.10209621513739671
resid_mom_12_1,1580.678756415844,1557.8563309907913,1544.1523537635803,1743.3863979578018,1593.6188096404076,1618.2842212319374,1652.355429470539,0.07239598590499134
idio_vol_60,1165.1713750362396,1295.97521173954,1221.7927426695824,1467.3445392251015,1234.0590349435806,1485.9654784798622,1545.6852847337723,0.06006604587069546
log_dollar_vol_20,1141.1182907223701,1241.2244557142258,1239.209945678711,1398.1601403355598,1273.6386454105377,1320.085105240345,1371.9336122274399,0.05745092345327071
mom_12_1,929.2755274176598,1207.689191520214,1227.5238029956818,1247.0475340485573,1068.5721287727356,1272.812802016735,1239.2745587229729,0.052331594893601174
gap_low_252,900.1578484177589,916.2514573335648,1023.9397456049919,1313.6417364478111,1273.6323216557503,1207.793336033821,1238.0265404582024,0.050024365915184714
vol_60,938.7069101333618,830.1561417579651,964.8581113219261,1026.1855066418648,1063.1740003228188,1193.053090453148,1283.2430161237717,0.046473168288804
amihud_20,828.3245931863785,874.0922227501869,1071.8115285038948,1113.2678142786026,1051.404830276966,1104.8849788308144,1078.4225076436996,0.045385900443169244
ret_252d,930.0329697132111,849.3873045444489,1008.9967175126076,1036.565488755703,999.2068337202072,1056.177734196186,1157.3793016076088,0.044944503199269584
ret_63d,766.1669479012489,807.3660799264908,917.4722856879234,1055.8649743795395,983.3555690050125,1038.1808133721352,1051.211271584034,0.042119476456960396
gap_high_252,829.9198325872421,877.369863063097,878.7927850484848,895.4257190823555,985.3700636029243,1006.8529441952705,1028.3642610311508,0.0415616870781627
vol_trend,672.5969822406769,686.202452480793,915.6503636240959,960.5775873064995,884.4869653582573,1009.966441988945,1001.276349902153,0.03892480634291119
max_ret_21,709.7177515625954,870.1855403184891,852.500010073185,861.1291900873184,858.5720296502113,804.2007222175598,857.7372955083847,0.037246381377341195
mom_6_1,658.6816844344139,637.9965910315514,734.7940947413445,934.6705642938614,834.3217371106148,912.2847228646278,1021.7815591692924,0.03636512130224756
ret_126d,592.7449617385864,649.3185405135155,806.5535532832146,928.4117227196693,755.9719095230103,991.4986267089844,868.8359031677246,0.03547504557588659
close_vs_sma200,645.3684371709824,597.1460437774658,653.9279405474663,992.2080524563789,954.4623292088509,880.1095732450485,808.8317005634308,0.03509884987011126
atr_pct_14,640.332911491394,726.2673534750938,727.774771630764,761.675540626049,651.6947011947632,827.9510796666145,864.112337231636,0.03320138550634928
ret_21d,432.6241176724434,990.141681432724,770.3267543315887,793.3194497823715,702.2123363614082,667.946487724781,532.2951563596725,0.031387470295350044
vol_20,613.2777845859528,618.3438357114792,528.6790034770966,522.7308144569397,527.7028353214264,624.5707595348358,581.4701154828072,0.025870741118714718
close_vs_sma50,395.77606678009033,366.07863146066666,541.8251085877419,687.0794964432716,778.4613471031189,615.341769695282,657.883084654808,0.025526211364853783
resid_ret_21d,343.8160609602928,374.9821765422821,420.98792749643326,407.8416090607643,494.3570057153702,438.68650794029236,491.39764070510864,0.018943303430686925
ret_10d,284.6354599893093,398.82769817113876,280.40560108423233,330.581047475338,404.520288169384,356.39761102199554,445.33866411447525,0.015963465206954804
vol_ratio_5_20,185.73333954811096,255.75978356599808,302.1150450706482,331.31300300359726,314.56107288599014,320.67861372232437,283.63362377882004,0.012658020674807978
rsi_14,320.15756779909134,231.55729073286057,224.44857841730118,212.0922533273697,235.7506794333458,306.7175814509392,309.51110035181046,0.011839824399878506
ret_5d,179.83324879407883,171.5148823261261,186.55012208223343,249.5795618891716,236.4782999753952,229.85500866174698,248.63224214315414,0.009545592655839874
gap_high_10,108.69483554363251,122.54791957139969,188.8788030743599,154.71490347385406,212.11117899417877,180.29727363586426,172.94207566976547,0.007237215871163115
resid_ret_5d,133.394140958786,166.24327045679092,183.89302730560303,130.71437150239944,155.05692076683044,115.04032480716705,120.1429454088211,0.006495039952366244
ret_1d,8.331489145755768,22.336105942726135,75.09974896907806,79.62228411436081,100.26126849651337,116.5117956995964,147.5905797481537,0.0033716584130308934
