test_id,event,h,n_events,n_days,mean_ar,mean_net,hit,t_nw,years_pos,n_years,first_half,second_half,yearly,판정
U1|h5,U1,5,24330,2171,0.0004312517226503397,-0.0015687482773496604,0.5049732840115084,0.806638572954983,6,10,9.091441129111479e-05,0.0006892732642002478,2016:-0.0005;2017:+0.0006;2018:+0.0015;2019:+0.0011;2020:-0.0028;2021:+0.0003;2022:+0.0043;2023:-0.0006;2024:+0.0007;2025:-0.0010,탈락
C1|h5,C1,5,11429,1795,7.322812170246935e-05,-0.0019267718782975307,0.5036311138332312,-1.1571981428919444,4,10,-0.0006488068652942703,-0.0007237839050531704,2016:-0.0022;2017:-0.0005;2018:+0.0010;2019:+0.0025;2020:-0.0051;2021:-0.0008;2022:+0.0017;2023:-0.0033;2024:-0.0014;2025:+0.0008,탈락
U2|h5,U2,5,3535,1098,-0.0021212021821528006,-0.004121202182152801,0.4780763790664781,-1.8608735252279318,3,10,-0.0026662345475473117,-0.0005288597793069931,2016:-0.0058;2017:-0.0026;2018:+0.0001;2019:-0.0003;2020:-0.0044;2021:-0.0017;2022:-0.0009;2023:+0.0002;2024:-0.0015;2025:+0.0014,탈락
C2|h5,C2,5,1386,592,-0.0019458117432179071,-0.003945811743217907,0.4805194805194805,-2.2036501739993253,3,10,-0.0009952119395791176,-0.004513241198616261,2016:-0.0043;2017:+0.0001;2018:+0.0076;2019:-0.0010;2020:-0.0087;2021:-0.0013;2022:+0.0031;2023:-0.0076;2024:-0.0071;2025:-0.0082,탈락
U3|h5,U3,5,9162,1915,0.00012112965491989879,-0.0018788703450801011,0.5015280506439642,0.922793028105373,6,10,0.0024874036192561217,-0.0007618452902654729,2016:+0.0017;2017:+0.0002;2018:+0.0011;2019:+0.0035;2020:+0.0052;2021:-0.0013;2022:-0.0002;2023:-0.0012;2024:+0.0030;2025:-0.0037,탈락
C3|h5,C3,5,3842,1179,-0.0005760917000801762,-0.002576091700080176,0.4812597605413847,-0.5058391447240075,3,10,0.000507703209676329,-0.0018188312292881437,2016:+0.0090;2017:-0.0008;2018:-0.0048;2019:+0.0054;2020:-0.0049;2021:+0.0025;2022:-0.0018;2023:-0.0027;2024:-0.0006;2025:-0.0071,탈락
U1|h10,U1,10,24271,2167,7.845996697728095e-05,-0.0019215400330227191,0.5006386222240534,0.8782559842320404,5,10,0.0003495398660265093,0.0008047544830371748,2016:-0.0004;2017:+0.0004;2018:+0.0017;2019:+0.0005;2020:-0.0002;2021:+0.0015;2022:+0.0056;2023:-0.0028;2024:-0.0000;2025:-0.0004,탈락
C1|h10,C1,10,11423,1791,-0.0006529903419721397,-0.00265299034197214,0.4918147596953515,-2.23894545304355,3,10,-0.0018790557472915185,-0.001743653444006371,2016:-0.0042;2017:-0.0020;2018:-0.0012;2019:+0.0034;2020:-0.0068;2021:-0.0004;2022:+0.0021;2023:-0.0053;2024:-0.0041;2025:+0.0002,탈락
U2|h10,U2,10,3528,1094,-0.0005804080714580832,-0.002580408071458083,0.4971655328798186,-0.6003792045413744,3,10,-0.0010677083596502082,-0.0002218249403073281,2016:-0.0053;2017:-0.0025;2018:-0.0002;2019:+0.0036;2020:-0.0007;2021:+0.0026;2022:-0.0008;2023:-0.0022;2024:+0.0006;2025:-0.0014,탈락
C2|h10,C2,10,1386,592,-0.0009279814038888621,-0.002927981403888862,0.5014430014430015,-0.5341261385131764,4,10,0.004479143678535654,-0.006390854994982528,2016:-0.0004;2017:+0.0042;2018:+0.0091;2019:+0.0066;2020:+0.0005;2021:-0.0045;2022:-0.0059;2023:-0.0094;2024:-0.0021;2025:-0.0091,탈락
U3|h10,U3,10,9147,1910,-3.2213804097207714e-05,-0.002032213804097208,0.5021318465070514,-0.04539287302010144,4,10,0.0029233632901689175,-0.0030440031185581602,2016:+0.0064;2017:+0.0004;2018:-0.0012;2019:+0.0045;2020:+0.0029;2021:-0.0000;2022:-0.0004;2023:-0.0003;2024:-0.0058;2025:-0.0065,탈락
C3|h10,C3,10,3837,1176,-0.00014496552152674474,-0.002144965521526745,0.5001303101381287,-0.6513788913368974,4,10,0.0007502139139312338,-0.003105238546619012,2016:+0.0095;2017:+0.0014;2018:-0.0064;2019:+0.0051;2020:-0.0060;2021:+0.0046;2022:-0.0038;2023:-0.0034;2024:-0.0038;2025:-0.0074,탈락
U1|h20,U1,20,24158,2157,0.00024557538524518275,-0.0017544246147548172,0.5009934597234871,0.9585139281479552,5,10,0.0009253755687530098,0.0009968722714353714,2016:+0.0035;2017:+0.0002;2018:+0.0029;2019:-0.0001;2020:-0.0032;2021:+0.0049;2022:+0.0093;2023:-0.0052;2024:-0.0004;2025:-0.0031,탈락
C1|h20,C1,20,11365,1781,-0.0002530447625812733,-0.0022530447625812734,0.49837219533655963,-2.4088949003599995,2,10,-0.0021154767205208954,-0.0033171879652008985,2016:-0.0058;2017:-0.0017;2018:+0.0016;2019:+0.0028;2020:-0.0093;2021:-0.0020;2022:-0.0015;2023:-0.0072;2024:-0.0041;2025:-0.0009,탈락
U2|h20,U2,20,3507,1087,-0.0011932638130975834,-0.003193263813097583,0.482178500142572,-0.23201216218202553,5,10,0.0017214506982781877,-0.002523694472824381,2016:-0.0092;2017:-0.0019;2018:+0.0119;2019:+0.0025;2020:+0.0064;2021:+0.0010;2022:-0.0061;2023:-0.0062;2024:-0.0007;2025:+0.0014,탈락
C2|h20,C2,20,1378,587,-0.0022042207914787053,-0.004204220791478705,0.4811320754716981,-1.0409616319249657,3,10,0.0065533757439071695,-0.011888003632400602,2016:-0.0026;2017:+0.0023;2018:+0.0207;2019:+0.0074;2020:-0.0027;2021:-0.0039;2022:-0.0098;2023:-0.0182;2024:-0.0112;2025:-0.0092,탈락
U3|h20,U3,20,9128,1902,0.0007715395954898408,-0.001228460404510159,0.4997808939526731,-0.24390643613623134,3,10,0.0017493886208210588,-0.002699968419298971,2016:+0.0048;2017:-0.0041;2018:-0.0017;2019:+0.0094;2020:-0.0015;2021:+0.0031;2022:-0.0011;2023:-0.0052;2024:-0.0048;2025:-0.0016,탈락
C3|h20,C3,20,3826,1171,0.00039967027288787655,-0.0016003297271121235,0.490852064819655,-0.7029917999018227,4,10,0.004482698154487282,-0.008366413618302104,2016:+0.0136;2017:+0.0144;2018:-0.0105;2019:+0.0143;2020:-0.0066;2021:+0.0065;2022:-0.0108;2023:-0.0110;2024:-0.0097;2025:-0.0150,탈락
