test_id,h,n_events,n_days,mean_ar,mean_net,median_ar,hit,t_nw,years_pos,n_years,first_half,second_half,yearly,판정
top20|h5,5,3546,1169,0.00025251536003735505,-0.001747484639962645,-0.0003731653981254978,0.4966159052453469,0.028573551872616225,5,10,-0.0015634946599044363,0.0016214321931366017,2016:+0.0007;2017:-0.0010;2018:-0.0025;2019:+0.0007;2020:-0.0047;2021:+0.0063;2022:+0.0018;2023:-0.0005;2024:-0.0005;2025:+0.0002,탈락
top20|h10,10,3546,1169,0.00047156171061363684,-0.0015284382893863632,-0.0009968396175583259,0.48759165256627185,-0.17257152525440403,4,10,-0.0014324329374853562,0.0010163692576640796,2016:-0.0024;2017:-0.0011;2018:-0.0026;2019:-0.0002;2020:+0.0010;2021:+0.0014;2022:-0.0003;2023:+0.0020;2024:+0.0021;2025:-0.0035,탈락
top20|h20,20,3543,1166,0.001032848872343952,-0.0009671511276560481,-0.0006689283781988742,0.4961896697713802,-0.38407058905729147,4,10,-0.002415071989241473,0.0010805837425287236,2016:-0.0066;2017:+0.0001;2018:-0.0020;2019:-0.0027;2020:+0.0057;2021:-0.0016;2022:-0.0026;2023:+0.0030;2024:+0.0008;2025:-0.0016,탈락
top20|h40,40,3511,1158,0.0005754710341846408,-0.001424528965815359,-0.002707766532020088,0.4853318142979208,-1.0751906804633813,4,10,-0.00162781549249409,-0.0039048081424057535,2016:-0.0029;2017:+0.0047;2018:-0.0011;2019:-0.0091;2020:+0.0057;2021:-0.0172;2022:-0.0019;2023:+0.0066;2024:-0.0138;2025:+0.0071,탈락
top20|h60,60,3449,1146,0.0010606064009420439,-0.0009393935990579562,-0.0023894558340916694,0.48970716149608584,-0.030267394253613727,4,10,-0.0017185857354387942,0.0015491805529544746,2016:-0.0016;2017:+0.0151;2018:-0.0050;2019:-0.0094;2020:+0.0004;2021:-0.0161;2022:+0.0070;2023:+0.0147;2024:-0.0037;2025:-0.0021,탈락
top-bottom|h5,5,815,815,-0.0005518558318291061,-0.004551855831829106,0.0012105748065968794,0.5177914110429448,-0.30170042239523515,4,10,-0.0012692484888585103,0.00016377850986444182,2016:+0.0088;2017:-0.0022;2018:-0.0085;2019:+0.0054;2020:-0.0078;2021:+0.0063;2022:-0.0005;2023:-0.0063;2024:+0.0059;2025:-0.0084,탈락
top-bottom|h10,10,815,815,0.000632369891996786,-0.003367630108003214,0.001282682422340975,0.50920245398773,0.29031976900200007,6,10,0.0005275248749872546,0.0007369579359254116,2016:+0.0029;2017:-0.0018;2018:-0.0116;2019:+0.0121;2020:+0.0015;2021:+0.0076;2022:+0.0019;2023:-0.0016;2024:+0.0061;2025:-0.0158,탈락
top-bottom|h20,20,812,812,0.0010576948506282181,-0.002942305149371782,0.0021835053319312985,0.5135467980295566,0.39477489598274856,6,10,0.0016039412894291987,0.0005114484118272375,2016:-0.0016;2017:+0.0017;2018:-0.0072;2019:+0.0094;2020:+0.0071;2021:-0.0051;2022:+0.0012;2023:+0.0061;2024:+0.0059;2025:-0.0118,탈락
top-bottom|h40,40,804,804,0.003683460111100791,-0.00031653988889920924,0.005422054446063404,0.5447761194029851,1.1323981744173872,8,10,0.006272790219526975,0.0010941300026746062,2016:+0.0128;2017:+0.0059;2018:+0.0079;2019:+0.0066;2020:+0.0027;2021:-0.0186;2022:+0.0127;2023:+0.0044;2024:+0.0071;2025:-0.0107,탈락
top-bottom|h60,60,795,795,0.006786814915466388,0.002786814915466388,0.004145681240795694,0.5169811320754717,1.5655861357827678,8,10,0.005099267485191792,0.008470122276820693,2016:+0.0073;2017:+0.0138;2018:+0.0014;2019:+0.0102;2020:+0.0066;2021:-0.0096;2022:+0.0125;2023:+0.0243;2024:+0.0154;2025:-0.0363,탈락
