date,pit_members,with_price,coverage,year
2016-01-04,504,391,0.7757936507936508,2016
2016-02-03,505,393,0.7782178217821782,2016
2016-03-04,504,392,0.7777777777777778,2016
2016-04-05,505,394,0.7801980198019802,2016
2016-05-04,506,395,0.7806324110671937,2016
2016-06-03,505,398,0.7881188118811882,2016
2016-07-05,505,400,0.7920792079207921,2016
2016-08-03,505,400,0.7920792079207921,2016
2016-09-01,505,400,0.7920792079207921,2016
2016-10-03,506,403,0.7964426877470355,2016
2016-11-01,506,403,0.7964426877470355,2016
2016-12-01,506,403,0.7964426877470355,2016
2017-01-03,506,403,0.7964426877470355,2017
2017-02-02,506,404,0.7984189723320159,2017
2017-03-06,506,405,0.8003952569169961,2017
2017-04-04,506,408,0.8063241106719368,2017
2017-05-04,506,409,0.808300395256917,2017
2017-06-05,506,410,0.8102766798418972,2017
2017-07-05,506,410,0.8102766798418972,2017
2017-08-03,506,412,0.8142292490118577,2017
2017-09-01,506,412,0.8142292490118577,2017
2017-10-03,506,413,0.8162055335968379,2017
2017-11-01,506,414,0.8181818181818182,2017
2017-12-01,506,414,0.8181818181818182,2017
2018-01-03,506,415,0.8201581027667985,2018
2018-02-02,506,415,0.8201581027667985,2018
2018-03-06,506,415,0.8201581027667985,2018
2018-04-05,506,418,0.8260869565217391,2018
2018-05-04,506,418,0.8260869565217391,2018
2018-06-05,506,418,0.8260869565217391,2018
2018-07-05,506,417,0.8241106719367589,2018
2018-08-03,506,417,0.8241106719367589,2018
2018-09-04,506,418,0.8260869565217391,2018
2018-10-03,505,419,0.8297029702970297,2018
2018-11-01,504,420,0.8333333333333334,2018
2018-12-03,505,424,0.8396039603960396,2018
2019-01-04,505,425,0.8415841584158416,2019
2019-02-05,505,425,0.8415841584158416,2019
2019-03-07,505,426,0.8435643564356435,2019
2019-04-05,505,426,0.8435643564356435,2019
2019-05-07,505,426,0.8435643564356435,2019
2019-06-06,505,428,0.8475247524752475,2019
2019-07-08,505,429,0.8495049504950495,2019
2019-08-06,505,430,0.8514851485148515,2019
2019-09-05,505,433,0.8574257425742574,2019
2019-10-04,505,434,0.8594059405940594,2019
2019-11-04,505,435,0.8613861386138614,2019
2019-12-04,505,436,0.8633663366336634,2019
2020-01-06,505,438,0.8673267326732673,2020
2020-02-05,505,439,0.8693069306930693,2020
2020-03-06,505,440,0.8712871287128713,2020
2020-04-06,505,443,0.8772277227722772,2020
2020-05-06,505,443,0.8772277227722772,2020
2020-06-05,505,444,0.8792079207920792,2020
2020-07-07,505,446,0.8831683168316832,2020
2020-08-05,505,446,0.8831683168316832,2020
2020-09-03,505,446,0.8831683168316832,2020
2020-10-05,505,446,0.8831683168316832,2020
2020-11-03,505,448,0.8871287128712871,2020
2020-12-03,505,449,0.8891089108910891,2020
2021-01-05,505,449,0.8891089108910891,2021
2021-02-04,505,451,0.8930693069306931,2021
2021-03-08,505,451,0.8930693069306931,2021
2021-04-07,505,451,0.8930693069306931,2021
2021-05-06,505,452,0.8950495049504951,2021
2021-06-07,505,454,0.899009900990099,2021
2021-07-07,505,454,0.899009900990099,2021
2021-08-05,505,455,0.900990099009901,2021
2021-09-03,505,456,0.902970297029703,2021
2021-10-05,505,455,0.900990099009901,2021
2021-11-03,505,455,0.900990099009901,2021
2021-12-03,505,455,0.900990099009901,2021
2022-01-04,505,458,0.906930693069307,2022
2022-02-03,505,460,0.9108910891089109,2022
2022-03-07,505,462,0.9148514851485149,2022
2022-04-05,505,463,0.9168316831683169,2022
2022-05-05,504,464,0.9206349206349206,2022
2022-06-06,504,465,0.9226190476190477,2022
2022-07-07,503,466,0.9264413518886679,2022
2022-08-05,503,466,0.9264413518886679,2022
2022-09-06,503,466,0.9264413518886679,2022
2022-10-05,503,468,0.9304174950298211,2022
2022-11-03,503,470,0.9343936381709742,2022
2022-12-05,503,471,0.9363817097415507,2022
2023-01-05,503,473,0.9403578528827038,2023
2023-02-06,503,473,0.9403578528827038,2023
2023-03-08,503,473,0.9403578528827038,2023
2023-04-06,503,474,0.9423459244532804,2023
2023-05-08,503,475,0.9443339960238568,2023
2023-06-07,503,475,0.9443339960238568,2023
2023-07-10,503,477,0.94831013916501,2023
2023-08-08,503,477,0.94831013916501,2023
2023-09-07,503,478,0.9502982107355865,2023
2023-10-06,503,478,0.9502982107355865,2023
2023-11-06,503,479,0.952286282306163,2023
2023-12-06,503,479,0.952286282306163,2023
2024-01-08,503,480,0.9542743538767395,2024
2024-02-07,503,480,0.9542743538767395,2024
2024-03-08,503,481,0.9562624254473161,2024
2024-04-09,503,482,0.9582504970178927,2024
2024-05-08,503,483,0.9602385685884692,2024
2024-06-07,503,483,0.9602385685884692,2024
2024-07-10,503,485,0.9642147117296223,2024
2024-08-08,503,485,0.9642147117296223,2024
2024-09-09,503,485,0.9642147117296223,2024
2024-10-08,503,485,0.9642147117296223,2024
2024-11-06,503,485,0.9642147117296223,2024
2024-12-06,503,486,0.9662027833001988,2024
2025-01-08,503,487,0.9681908548707754,2025
2025-02-10,503,487,0.9681908548707754,2025
2025-03-12,503,487,0.9681908548707754,2025
2025-04-10,503,487,0.9681908548707754,2025
2025-05-12,503,487,0.9681908548707754,2025
2025-06-11,503,488,0.9701789264413518,2025
2025-07-14,503,489,0.9721669980119284,2025
2025-08-12,503,491,0.9761431411530815,2025
2025-09-11,503,492,0.9781312127236581,2025
