변형,설명,총거래수,승률,평균수익률,Sharpe_일간,CAGR,MDD,Calmar,총수익률_자본기준,SPY수익률,알파_연,알파_t,모멘텀대비_판정,시작,종료,ΔSharpe_일간,ΔCAGR,ΔMDD,실행시각,code_hash,기간,종목수,리밸런스,기준선,PIT,ΔSharpe_95%,구간개선,판정
BASE,기준선 (현재 설정),181,0.4862,0.0043,0.35,0.0506,-0.2129,0.24,0.1655,0.6337,-0.0429,-0.45,운과 구분 안 됨,2022-08-18,2025-09-30,0.0,0.0,0.0,2026-10-02 17:59,bc4b7bd7,5y,1000,1,BASE,True,,,
BASE,기준선 (현재 설정),175,0.4971,0.0085,0.81,0.1551,-0.2181,0.71,0.559,0.6337,0.0397,0.41,운과 구분 안 됨,2022-08-18,2025-09-30,0.0,0.0,0.0,2026-10-02 22:00,bc4b7bd7,5y,1000,1,BASE,False,,,
BASE,기준선 (현재 설정),181,0.4862,0.0043,0.35,0.0506,-0.2129,0.24,0.1655,0.6337,-0.0429,-0.45,운과 구분 안 됨,2022-08-18,2025-09-30,0.0,0.0,0.0,2026-10-02 22:45,bc4b7bd7,5y,1000,1,BASE,True,,,
T2-5,"(Tier 2) 최대 5종목, 하루 2개까지 매수",257,0.4708,0.0035,0.43,0.06,-0.1919,0.31,0.1969,0.6337,-0.0396,-0.55,운과 구분 안 됨,2022-08-18,2025-09-30,0.08,0.0093999999999999,0.021,2026-10-02 22:45,bc4b7bd7,5y,1000,1,BASE,True,"[-0.62, +0.85]",1/3,운과 구분 안 됨
T2-10,"(Tier 2) 최대 10종목, 하루 3개까지 매수",356,0.5169,0.0109,1.09,0.1245,-0.1098,1.13,0.4474,0.6337,0.0475,0.97,운과 구분 안 됨,2022-08-18,2025-09-30,0.7400000000000001,0.0739,0.1031,2026-10-02 22:45,bc4b7bd7,5y,1000,1,BASE,True,"[-0.22, +1.77]",3/3,운과 구분 안 됨
T2-20,"(Tier 2) 최대 20종목, 하루 5개까지 매수",370,0.5297,0.011,1.08,0.0659,-0.0574,1.15,0.2226,0.6337,0.0246,0.95,운과 구분 안 됨,2022-08-18,2025-09-30,0.7300000000000001,0.0153,0.1555,2026-10-02 22:45,bc4b7bd7,5y,1000,1,BASE,True,"[-0.24, +1.81]",3/3,운과 구분 안 됨
BASE,기준선 (현재 설정),200,0.52,0.0076,0.83,0.1805,-0.2785,0.65,0.6838,0.6862,0.0477,0.44,운과 구분 안 됨,2022-08-23,2025-09-30,0.0,0.0,0.0,2026-10-08 01:15,7f6e33df,5y,1000,1,BASE,True,,,
R1,"장중 손절: 저가가 손절·트레일링선을 건드리면 min(시가, 선)에 체결",224,0.4241,0.0027,0.49,0.0815,-0.2416,0.34,0.2942,0.6862,-0.0238,-0.25,운과 구분 안 됨,2022-08-23,2025-09-30,-0.3399999999999999,-0.0989999999999999,0.0369,2026-10-08 01:15,7f6e33df,5y,1000,1,BASE,True,"[-1.00, +0.44]",0/3,운과 구분 안 됨
H3,약세장(SPY<EMA200) 신규 진입 중단,186,0.5108,0.0075,0.78,0.1361,-0.2157,0.63,0.4959,0.6862,0.0588,0.62,운과 구분 안 됨,2022-08-23,2025-09-30,-0.0499999999999999,-0.0443999999999999,0.0628,2026-10-08 01:15,7f6e33df,5y,1000,1,BASE,True,"[-0.66, +0.52]",1/3,운과 구분 안 됨
BASE,기준선 (현재 설정),200,0.52,0.0076,0.83,0.1805,-0.2785,0.65,0.6838,0.6862,0.0477,0.44,운과 구분 안 됨,2022-08-23,2025-09-30,0.0,0.0,0.0,2026-10-08 11:24,7f6e33df,5y,1000,1,BASE,True,,,
T2-10,"(Tier 2) 최대 10종목, 하루 3개까지 매수",525,0.4743,0.0047,0.51,0.0653,-0.1597,0.41,0.2246,0.6862,-0.0367,-0.62,운과 구분 안 됨,2022-08-23,2025-09-30,-0.3199999999999999,-0.1152,0.1188,2026-10-08 11:24,7f6e33df,5y,1000,1,BASE,True,"[-1.02, +0.40]",0/3,운과 구분 안 됨
BASE,기준선 (현재 설정),202,0.5248,0.0107,1.02,0.219,-0.2191,1.0,0.8769,0.6862,0.0788,0.8,운과 구분 안 됨,2022-08-23,2025-09-30,0.0,0.0,0.0,2026-10-08 15:38,7b6bdc8e,5y,1000,1,BASE,True,,,
R2,교체 비교: 보유 종목도 오늘 CCS 점수로 (매수 당시 점수 대신),258,0.4302,0.0031,0.57,0.1214,-0.2587,0.47,0.4351,0.6862,0.0013,0.01,운과 구분 안 됨,2022-08-23,2025-09-30,-0.45000000000000007,-0.0976,-0.039599999999999996,2026-10-08 15:38,7b6bdc8e,5y,1000,1,BASE,True,"[-1.31, +0.22]",1/3,운과 구분 안 됨
H4b,교체 끄기,173,0.5087,0.0097,0.97,0.2006,-0.1911,1.05,0.7666,0.6862,0.0736,0.75,운과 구분 안 됨,2022-08-23,2025-09-30,-0.050000000000000044,-0.0184,0.027999999999999997,2026-10-08 15:38,7b6bdc8e,5y,1000,1,BASE,True,"[-0.95, +0.56]",1/3,운과 구분 안 됨
H5,CCS v2,235,0.4809,0.0044,0.55,0.0979,-0.3236,0.3,0.3346,0.6862,-0.0203,-0.21,운과 구분 안 됨,2022-08-23,2025-09-30,-0.47,-0.1211,-0.10450000000000001,2026-10-08 15:38,7b6bdc8e,5y,1000,1,BASE,True,"[-1.36, +0.40]",0/3,운과 구분 안 됨
H2,모멘텀만 (바닥반등 중단),184,0.538,0.0084,1.27,0.263,-0.1471,1.79,1.0699,0.6862,0.1562,1.53,운과 구분 안 됨,2022-08-23,2025-09-30,0.25,0.04400000000000001,0.07199999999999998,2026-10-08 15:38,7b6bdc8e,5y,1000,1,BASE,True,"[-0.71, +1.15]",2/3,운과 구분 안 됨
