ticker,entry_date,exit_date,entry_price,exit_price,return_pct,holding_days,strategy,star_rating,ccs_score,sector,exit_reason,shares,dollar_pnl,post_exit_return_5d,post_exit_return_10d,post_exit_return_20d,feat_RSI,feat_adx,feat_macd_hist,feat_bollinger_pband,feat_atr_pct,feat_vol_z20,feat_obv_z20,feat_cmf_20,feat_pos_52w,feat_ret_5d,feat_ret_20d,feat_ema_gap_20_50,feat_ema_gap_50_200,feat_volatility_contraction,feat_buy_support_count,feat_alpha_score,feat_factor_momentum,feat_factor_trend,feat_factor_volume,feat_factor_volatility,feat_factor_mean_reversion,feat_bottom_reversal_fit,feat_momentum_fit,feat_reversal_score,feat_low_prob,feat_sector,feat_in_strong_sector,feat_sector_relative_strength,feat_regime,feat_spy_close_to_ema200,feat_ccs_strategy_fit,feat_ccs_timing,feat_ccs_alpha,feat_ccs_risk,feat_ccs_confluence,feat_ccs_penalty
ETN,2025-02-27,2025-03-04,296.5239609314699,269.5510545951824,-0.091,5,📉 바닥반등,★★★★★ (6.0),0.4163,Unknown,손절(-7.3%),11.241362495166806,-303.21,0.0374,0.068,0.0168,36.947747837499975,27.15152822369456,-1.2771949362603596,0.1782451683679954,0.034812381896879054,0.5167464945471678,-1.8834389348930671,0.07491597221464573,0.24199620571691866,-0.03903963142261324,-0.04899745235439901,-0.045626778412181136,-0.00773054746500341,,2,-0.19514176314202594,-0.4737993162327266,-0.44848998995321243,-0.09017641216396251,-0.9095733287321053,0.7414810022298416,6.0,1.0,8.0,,Unknown,,-0.03796957674641931,neutral,-0.09387474119723484,0.6,0.75,0.482,0.05,0.21,0.0
WMT,2025-02-26,2025-03-10,96.57547804367272,88.72687739328184,-0.0813,12,📈 모멘텀,★★★★★ (8.0),0.4552,Consumer Staples,손절(-6.1%),34.51531797570762,-270.9,-0.0256,-0.0226,-0.0635,48.345320698803924,31.851855581602827,-1.124421537968252,0.29369217325745195,0.023600061872358972,0.9563737871373814,-1.4285330250848725,0.18573353543703924,0.8423949053934094,-0.05868176062535968,0.002977382652983973,0.03183127559123051,0.15506866724579463,,3,0.09568108807337737,0.3561299058679985,0.3457648193406462,0.12749714412302354,-0.948948488423238,0.32885065132189134,5.0,8.0,6.0,,Consumer Staples,,-0.0711195930582525,neutral,0.176219503033908,0.8,0.6,0.548,0.05,0.27,0.0
BSX,2025-02-28,2025-03-10,101.12999725341797,97.7699966430664,-0.0332,10,📈 모멘텀,★★★★★ (7.0),0.4141,Health Care,트레일링(-5.5%),32.96087633603366,-110.75,0.0116,0.0501,-0.0637,42.677194722875555,30.251669172246473,-0.9942788653778794,0.0014781644708929537,0.021766104023213433,0.6160835203562293,-1.658243284209467,0.07960039392200317,0.8615187267767407,-0.04328015880958269,-0.018596008662642327,0.03720251414972361,0.1334714172832515,,3,0.11516341133243428,0.24797605225844171,0.32527384291129324,-0.05130871204808135,-0.8013692177315506,0.667729964851201,4.5,7.0,6.0,,Health Care,,-0.03189280874507032,neutral,0.1500997405452773,0.7,0.55,0.558,0.05,0.22,0.0
BA,2025-03-06,2025-03-11,161.4199981689453,148.0,-0.0831,5,📉 바닥반등,★★★★★ (6.5),0.4456,Industrials,손절(-8.2%),18.771658716583303,-251.92,0.0917,0.2337,-0.0582,35.7979091677435,24.786993931221986,-2.5741871589948424,-0.015973806629835333,0.03762376126391176,0.15456567896403953,-1.6369758851635097,-0.19080656288284278,0.4695946855423543,-0.05709656731023005,-0.07416440096631782,0.006103142248162346,0.024450522349294738,,2,-0.13532135765338282,-0.23843936272831767,-0.0643448509891821,-0.555852043843516,-0.6761662249448765,0.8281171489636379,6.5,4.5,6.5,,Industrials,,-0.01680108150890426,neutral,-0.036905755768500643,0.65,0.75,0.524,0.05,0.28,0.0
BSX,2025-03-10,2025-03-25,97.7699966430664,102.86000061035156,0.0521,15,📈 모멘텀,★★★★★ (8.0),0.4611,Health Care,"시간익절(14일,+5.0%)",32.14187056737002,163.6,-0.0157,-0.1188,-0.0383,39.71856149061892,31.207300237870204,-0.7678389581117268,-0.07288480392190913,0.025118041603269043,1.6605330705841501,-1.8658950862973727,0.15779386861231057,0.8185327328531561,-0.044898387330221334,-0.05608455130375689,0.027431880659235436,0.13027566841983879,,3,0.12116357666363606,0.047582334268488485,0.37153375768401575,0.1068990844366485,-0.9398222450384242,0.7579446195986835,5.75,8.0,6.5,,Health Care,,-0.09630937191256791,neutral,0.11977696140422184,0.8,0.65,0.561,0.05,0.23,0.0
KO,2025-03-26,2025-04-04,66.97839198338484,70.37978789668131,0.0508,9,📈 모멘텀,★★★★★ (8.5),0.4439,Consumer Staples,"시간익절(8일,+6.2%)",24.680443410747007,83.95,-0.0137,0.0048,-0.0099,49.89317067594023,31.99671450629192,-0.3780132285522114,0.17169443979404655,0.016904512375566384,-0.9875593576601295,-1.6065081940042507,0.0006138996569090367,0.8066835954338669,-0.008215705057919687,-0.030384922067761888,0.024426712563322572,0.04207462532031613,,2,-0.02156740280407317,0.02579322176902477,0.3835105513681972,-0.3443557946339029,-0.599894011155429,0.3632244645013626,7.0,8.5,6.0,,Consumer Staples,,0.0273376098190016,neutral,0.06156861793358553,0.85,0.7,0.489,0.05,0.37,0.05
PGR,2025-03-21,2025-04-07,258.4272994822171,237.390715668818,-0.0814,17,📈 모멘텀,★★★★★ (10.0),0.4538,Consumer Staples,손절(-6.4%),22.910567418344232,-481.96,0.1019,0.0486,0.1221,51.265589557913714,40.37397164363616,-1.55875201823841,0.2900864869169015,0.025494258841338296,0.4192105349340476,-0.6883358631236945,0.10645917630728807,0.8214118832104534,-0.017108277256182913,0.02596457135222785,0.039645855675228964,0.09133121707151247,,2,0.11640150858689366,0.35860584584022226,0.43131405132215817,0.11590843989143654,-0.7711811950526142,0.22558799219725273,4.75,10.0,6.0,,Consumer Staples,,0.059109969641791875,bear,0.12767284827105205,1.0,0.6,0.558,0.05,0.22,0.0
XOM,2025-04-10,2025-05-07,100.26496187453732,101.50244532429048,0.0123,27,📉 바닥반등,★★★★★ (7.5),0.467,Unknown,"장기보유(26일,+1.0%)",44.027428008202016,54.48,0.0332,-0.0036,-0.0212,39.70953904445406,31.82099170464034,-1.7585258584288623,0.1670066024145447,0.036292501714769665,1.2125934176986455,-1.663422011218481,0.06199792713458181,0.22379641395137026,-0.10845192304559137,-0.03051405543613439,-0.0005759571688629929,-0.01172993293865939,,3,-0.10541175467372513,-0.2532935868948854,-0.16746894721391764,-0.03972304836123186,-0.9946017525903958,0.6893088856345142,7.5,4.0,6.0,,Unknown,,0.0014802531060302757,bear,-0.05965184452823854,0.75,0.85,0.49,0.05,0.27,0.0
CI,2025-05-16,2025-06-12,302.9889072438351,306.0818246674944,0.0102,27,📉 바닥반등,★★★★★ (9.0),0.573,Health Care,"장기보유(26일,+0.7%)",9.772965040926945,30.23,0.0106,0.049,-0.0257,35.63782955173431,29.154551657453307,-4.039287893777716,0.05932778781647702,0.03012501572139614,1.1494503451825622,-0.6230555594061461,-0.11195674938916655,0.44910280429005944,-0.07279872311893976,-0.062469652803955555,0.006097311455170626,0.006027156015852926,1.2457623271704261,3,-0.06587549303286044,-0.2476403887966024,-0.07556324622742347,-0.2509146966436496,-0.6746384417717874,0.8134483719931263,9.0,6.5,8.0,,Health Care,,-0.05346357641238582,neutral,-0.03524858502458085,0.9,0.85,0.543,0.05,0.56,0.0
INTC,2025-06-02,2025-06-12,19.479999542236328,20.5,0.0524,10,📉 바닥반등,★★★★★ (6.5),0.516,Information Technology,트레일링(-6.3%),152.0071903421985,155.05,0.0283,0.1068,0.1366,39.94793382931788,9.131414115943697,-0.15250958593334155,0.06387738647995599,0.04019342974090123,2.818054363831376,-1.9420360477926353,-0.0913074794112037,0.08595541636229687,-0.04866180229323647,-0.02152153728866668,-0.014967954451981732,-0.08928267229231011,0.9206711386773078,2,-0.12346930510768128,-0.46527171064736195,-0.6885107607092851,-0.3060575389399541,0.2584339402988828,0.7251824142690211,6.5,1.75,6.0,,Information Technology,,-0.10469223016080877,bull,-0.15148431337783425,0.65,0.95,0.597,0.2,0.17,0.0
CRM,2025-05-30,2025-06-17,266.7597249073496,262.58038330078125,-0.0157,18,📉 바닥반등,★★★★★ (6.0),0.4082,Unknown,교체→V,11.100251356576033,-46.39,0.0163,0.0218,-0.0136,41.231433159808965,17.728373753044096,-2.1311424537278416,0.05491268132733973,0.030477954658329975,3.917155337513115,-1.526321131647851,0.09090775957160677,0.33422690878932204,-0.05441387819207677,-0.006661246120055808,-0.0016901942493064432,-0.04057583202947344,1.1036116576285384,3,-0.06375758464752829,-0.306515642064056,-0.6434435405446893,0.14809272380144206,-0.33226499651705355,0.6952541020070915,6.0,1.75,6.0,,Unknown,,-0.054258664477046734,bull,-0.07844345497944197,0.6,0.65,0.561,0.05,0.17,0.0
V,2025-06-17,2025-06-23,351.44680457851234,335.5492476029829,-0.0452,6,📈 모멘텀,★★★★★ (8.5),0.5108,Financials,트레일링(-5.4%),8.293454992257905,-131.85,0.052,0.0505,0.0425,45.32988332579478,26.445500675278847,-1.8339987617387825,0.14561351573367298,0.02051739979580876,0.6341502537913437,0.41974974672753185,0.09363262923060309,0.853131545768882,-0.030491566954953697,-0.026402304545956712,0.022585008479636213,0.08458003248990408,1.3122525698753431,4,0.1235811564316889,0.0780010184961927,0.1742086805490367,0.3287314527231381,-0.7782203067715223,0.5384469972879342,7.0,8.5,6.0,,Financials,,-0.020473643278737363,bull,0.08863625585432616,0.85,0.75,0.562,0.05,0.27,0.0
TSLA,2025-06-12,2025-06-24,323.0799865722656,356.1700134277344,0.1024,12,📈 모멘텀,★★★★★ (8.0),0.4637,Consumer Discretionary,"시간익절(11일,+7.9%)",9.451954048517827,312.77,-0.1557,-0.1693,-0.0663,52.4340633742699,27.410407422850415,-5.468417029064733,0.37388149412763977,0.05890724451838799,0.051853410886901506,1.6908858200468229,-0.04766792736628553,0.503783952905018,-0.016925147790372908,-0.022869501843734152,0.04076848501176604,0.05583537876685735,1.122736290943128,3,0.06235734223469158,0.12203766334819069,0.17504039120703646,0.17216684984809547,-0.3877260506056983,0.09029463226238513,5.5,8.0,6.0,,Consumer Discretionary,,-0.04049993423650608,bull,0.10977514452759733,0.8,0.6,0.531,0.05,0.27,0.0
BA,2025-06-16,2025-06-30,200.57000732421875,213.8800048828125,0.0664,14,📈 모멘텀,★★★★★ (10.0),0.5995,Industrials,"시간익절(11일,+7.0%)",15.225293291935147,202.65,0.0217,0.0754,0.057,47.19154231402494,35.824964393912545,-1.905380313473322,0.13419148995856336,0.028990751510438804,1.2475417591112654,-2.8166732903276532,0.1882774412128759,0.7875681219526498,-0.04971534903140351,-0.02870441238977539,0.05927532689728482,0.09489205336467142,0.9299631421936797,3,0.27307573043836986,0.2902763481375763,0.37244087442241103,0.04090611985032429,0.22930539910470027,0.4795497304904313,5.75,10.0,6.0,,Industrials,,-0.04426632086024637,bull,0.12976564272625588,1.0,0.85,0.637,0.2,0.22,0.0
EQIX,2025-07-01,2025-07-08,783.3764553958691,763.5966796875,-0.0252,7,📉 바닥반등,★★★★★ (7.2),0.4171,Unknown,교체→CCL,4.156859427152134,-82.22,-0.0221,0.0301,0.0023,36.05527712765137,29.845746739707327,-14.877732805936892,0.0705828693274887,0.035981875415091014,0.2643518216413427,-1.077700638841584,-0.012839429880655596,0.2558803970599691,-0.1061933993681744,-0.10502687327023374,-0.006294433735451116,0.00490177134439001,1.7027110555403133,3,-0.15848699200360963,-0.45333411637532156,-0.1499910691727809,-0.20476012224726894,-0.9816987504242018,0.8031144411572919,7.25,3.5,5.5,,Unknown,,-0.13494494998547402,bull,-0.07163206518868911,0.725,0.75,0.492,0.05,0.26,0.05
LIN,2025-06-23,2025-07-16,452.6628565975688,455.8797912597656,0.0071,23,📉 바닥반등,★★★★★ (6.0),0.4362,Unknown,교체→NEM,6.147759954502724,19.78,0.0205,0.0123,0.0327,43.149393459074105,15.101046493057193,-2.0396557945372926,0.07028265250481161,0.015065497400906918,2.425401997873106,-1.47431684365157,0.055996982186629234,0.6372959855045505,-0.03117763313341171,0.003982093244062623,0.009955015715839802,0.01644053100802325,1.012062932308722,3,0.08840974142734677,0.06290301307484734,-0.2786589686947668,0.04112608334217216,-0.040188117632762324,0.6365381468035098,6.0,5.5,6.0,,Unknown,,-0.00575358732583562,bull,0.009585176102690045,0.6,0.65,0.615,0.05,0.27,0.0
JNJ,2025-06-24,2025-07-17,148.65693061226455,160.1177373117364,0.0771,23,📉 바닥반등,★★★★★ (6.5),0.4448,Health Care,"시간익절(22일,+8.8%)",22.646119400646217,259.54,0.0391,0.0096,0.0707,43.98158420779245,13.115413933181218,-0.512305057176718,0.17652355253002372,0.015060807270376977,-0.160606205373667,-1.0411307718149634,0.006015086103230795,0.4365409246497086,-0.03679180242108504,4.7583111921101207e-05,-0.0022780930944607774,0.00582460002075047,0.9753395598223804,1,-0.003112065006653314,-0.07980438786562132,-0.3252185644666827,-0.19059790052877282,0.08201681898581964,0.5661973887206386,6.5,2.0,6.0,,Health Care,,-0.008110008142931023,bull,-0.009644357422495656,0.65,0.5,0.589,0.2,0.27,0.0
ISRG,2025-07-17,2025-07-23,510.8299865722656,511.0,0.0003,6,📉 바닥반등,★★★★★ (6.5),0.4458,Health Care,교체→KLAC,7.098340920927754,1.21,-0.0205,-0.0723,-0.0598,39.75742919879538,27.307907406047555,-1.9985590990072897,0.2407564160946717,0.02324644170136921,0.40032459445881524,-0.8502633107302163,-0.15118579125420295,0.496629104073251,-0.029329881073149933,-0.01233038619342941,-0.0058707900524343805,0.02198114643454986,0.9961075454681068,2,0.012898544491801917,-0.009394415826048136,-0.08265756639815472,-0.39504710997212406,0.012974120397731369,0.6406230018500689,6.5,4.0,6.0,,Health Care,,-0.029659385735562892,bull,-0.008614360106216554,0.65,0.6,0.596,0.2,0.17,0.0
NEM,2025-07-16,2025-07-25,57.61307072153674,63.35552883010974,0.0997,9,📈 모멘텀,★★★★★ (10.0),0.5668,Materials,"시간익절(8일,+5.9%)",48.6458973575622,279.35,-0.0202,0.0798,0.1079,48.87123258103275,27.236906239779604,-0.218096984382675,0.15207725111915485,0.0317900984952629,2.9991162173314256,-0.09447167172334858,0.13114358239565432,0.8566695745715553,-0.004513048496594063,-0.009499105923517437,0.04514914933915124,0.1279986789765047,1.1600449747009205,4,0.2374393789566085,0.22467376105794956,0.3956510031194402,0.4177289305221069,-0.4880391994219811,0.4107403670195049,5.75,10.0,6.0,,Materials,,-0.04536406709866325,bull,0.1596899691979857,1.0,0.85,0.619,0.05,0.22,0.0
CCL,2025-07-08,2025-07-29,29.483711896922493,29.38417097287765,-0.0034,21,📈 모멘텀,★★★★★ (11.0),0.5256,Consumer Discretionary,"장기보유(20일,+0.4%)",107.6582238897936,-10.72,-0.0081,0.0041,0.0796,74.38853676260726,34.892179197075954,0.45110741074283056,0.9004033500970896,0.032086756658877,1.1437307952048972,1.4480679463769048,0.2635714910207442,0.9592476641551683,0.07520168588806819,0.22023304622497486,0.09027509691561529,0.09711096910469423,0.9024799148783429,3,0.35419486329099403,0.8940495293986828,0.706460691475494,0.6684715523253846,0.31408127256168616,-0.9006862992472019,6.0,11.0,6.0,,Consumer Discretionary,,0.1577274347752715,bull,0.3366391842280135,1.0,0.3,0.677,0.2,0.37,0.0
FCX,2025-07-29,2025-07-31,43.63438146949882,38.66463248688673,-0.1139,2,📈 모멘텀,★★★★★ (10.0),0.5936,Materials,손절(-10.8%),72.49896872321521,-360.3,0.0488,0.0869,0.1406,48.999468673591785,26.384924070519805,-0.3119734921869677,0.17104693937962953,0.0328952417189521,1.0773285954739324,-1.259593701361338,0.046493887963817655,0.6686524177695764,-0.030980219302380263,0.0014686084504846875,0.04331887034709787,0.03308433093145051,1.0149538386037456,3,0.19457649897255253,0.3552916828043061,0.298550694700623,-0.031917555420049204,-0.049804886496431236,0.39629072650521835,7.0,10.0,6.0,,Materials,,-0.06004793725516466,bull,0.06302339926894569,1.0,0.85,0.597,0.05,0.37,0.0
DIS,2025-08-01,2025-08-08,116.79974475083353,112.53857917844859,-0.0365,7,📈 모멘텀,★★★★★ (9.0),0.5863,Unknown,트레일링(-5.4%),23.999589959218707,-102.27,0.0184,0.0491,0.0489,46.98425563184718,28.43096443439797,-0.585607840561515,0.14430863761186924,0.013977493094342973,0.33261524801364944,-2.537170249284181,-0.1903575168258351,0.885076295798151,-0.023288180893276444,-0.031468548283991704,0.030481264819142637,0.07834093823506777,0.7157155512792244,2,0.16370897649327876,0.22159401006274912,0.3262887285223134,-0.6124995670691823,0.7387013275567567,0.48226060705024154,7.5,9.0,6.0,,Unknown,,-0.02811734007203295,bull,0.09935015378354792,0.9,0.75,0.582,0.35,0.27,0.0
KLAC,2025-07-23,2025-08-12,894.7710248860253,908.9876416350493,0.0159,20,📈 모멘텀,★★★★★ (10.0),0.6533,Information Technology,"장기보유(19일,+1.2%)",4.053832890997019,57.63,-0.0391,-0.0259,0.023,48.79046371133013,25.86665864166704,-5.976740941754144,0.1515218165829427,0.027319303460598045,2.665736143612689,-0.05366999367491506,0.1869378261664702,0.8744120062971983,-0.0473129754040289,0.04197211440683524,0.062096443250744135,0.12252711219786806,0.7598623560811586,3,0.45782241589761635,0.6290908768758885,0.16850661496675845,0.46347160406176513,0.6642931939393619,0.4139551871137071,7.5,10.0,6.0,,Information Technology,,-0.030264395615732978,bull,0.1707503018703876,1.0,0.85,0.729,0.35,0.27,0.0
INTC,2025-08-08,2025-08-15,20.0,25.010000228881836,0.2505,7,📉 바닥반등,★★★★★ (7.2),0.4558,Information Technology,목표가(+19.3%),135.0439877437917,676.57,-0.0084,-0.0264,-0.0096,37.383470596882376,27.22277558629119,-0.24657096906104248,0.20257833007187181,0.04000839935346347,1.066876254947134,-1.230059587666174,-0.2241438893200575,0.17710596722038136,-0.001515089921858448,-0.1700251590658316,-0.017494937386066556,-0.04778019276234339,0.9187255263433015,4,-0.08725297587589625,-0.46313406355103615,-0.3273816327843447,-0.4501634978057593,0.26447595752194264,0.7185982210716417,7.25,4.25,6.0,,Information Technology,,-0.18421295221023729,bull,-0.12111521110343372,0.725,0.8,0.603,0.2,0.17,0.05
COF,2025-07-25,2025-08-20,209.32588908520245,211.4933388876846,0.0104,26,📈 모멘텀,★★★★★ (11.0),0.6005,Financials,"장기보유(25일,+1.8%)",14.723389285350759,31.91,0.0537,0.062,0.078,48.745327567402,32.621155148638806,-1.3131003016960605,0.06707919230384693,0.025151799752271692,2.020416106824834,1.2747467366663061,-0.1624284689844727,0.8950700413975012,-0.030596209176147027,0.01586319442746076,0.043354933354901495,0.11296849105050298,0.9398962349855647,4,0.2868616232328333,0.3767534248279852,0.34334926512777675,0.09406857710593616,0.19770770631670292,0.44833892508845724,5.75,11.0,6.0,,Financials,,-0.032129085870262496,bull,0.14485039337481176,1.0,0.85,0.643,0.2,0.22,0.0
RCL,2025-08-15,2025-08-26,308.6323272324498,341.7498266260284,0.1073,11,📈 모멘텀,★★★★★ (8.5),0.491,Unknown,"시간익절(10일,+10.5%)",10.94328061699636,362.41,0.0266,-0.0124,-0.0543,45.12664769905401,35.1915704743815,-3.514334940024857,0.29846697349087714,0.02956121686859766,-0.8497814527596036,-0.6123933717713217,-0.010008046876111856,0.7991012582568033,0.008134785768590724,-0.10389953412214192,0.038808934263204836,0.21667985834588088,0.9876804156183574,3,0.1266030962068025,0.07248248824757408,0.357186428012625,-0.21108678471057377,0.04104221325308092,0.43642338572221995,5.75,8.5,6.0,,Unknown,,-0.11474720763439863,bull,0.23810701822800176,0.85,0.55,0.563,0.2,0.22,0.0
PLTR,2025-08-21,2025-09-11,157.1699981689453,167.24000549316406,0.0641,21,📈 모멘텀,★★★★★ (10.0),0.5011,Information Technology,"시간익절(20일,+6.1%)",19.81229748666662,199.51,0.0582,0.071,0.109,42.541262870128456,29.023190527388653,-3.021131019996746,0.2332789505157378,0.050180718817991535,3.461089786242292,-2.220838624868308,0.1432551175859771,0.802563570928324,-0.15382112795699565,0.008924462138310663,0.08674140341205672,0.3915432505970401,1.0116446414975675,3,0.2941732045731378,0.5057252097626499,0.24287151626036685,0.14277829066146328,-0.03879598974109928,0.5728934258216675,6.75,10.0,6.0,,Information Technology,,0.005132666896726521,bull,0.407016196339737,1.0,0.5,0.647,0.05,0.22,0.0
VRTX,2025-08-12,2025-09-22,377.6099853515625,384.07000732421875,0.0171,41,📉 바닥반등,★★★★★ (6.0),0.401,Health Care,"장기보유(38일,+1.5%)",9.758438977028833,63.04,0.0293,0.049,0.0912,29.90684791041201,27.679485908794764,-11.585100985622304,0.0653728022903639,0.04334409949324918,0.24854122344994442,-1.7063127352551672,-0.31614115001043025,0.05272958638923977,-0.20710610420718945,-0.20724042210975413,-0.037144073818527044,-0.023975061656444967,1.7478371431268778,3,-0.36773934331401537,-0.740037345615886,-0.4958621004630932,-0.596233489634584,-0.9864212107953754,0.8823104996486641,6.0,2.0,6.0,,Health Care,,-0.17456496460614274,bull,-0.18055063684053077,0.6,0.75,0.447,0.05,0.12,0.0
CDNS,2025-09-12,2025-09-23,353.4700012207031,370.9800109863281,0.0495,11,📈 모멘텀,★★★★★ (10.0),0.5035,Information Technology,"시간익절(10일,+5.6%)",9.977187554421084,174.7,-0.0532,-0.0687,-0.1012,54.084285713768956,25.794943460201655,-0.4955937364360796,0.728999300244061,0.029746186281458285,1.7192282931201213,1.0019427589589256,0.2919245343403574,0.8828467849647014,0.01537235806023407,0.01598309225448613,0.028326472627718584,0.09735263657330565,1.0206200571482023,4,0.22022257091873368,0.482980965001781,0.29192570271459184,0.6505629523913672,-0.06862548877833138,-0.43552838702816493,4.25,10.0,5.5,,Information Technology,,0.010040212586860997,bull,0.14468618260737182,1.0,0.55,0.61,0.05,0.21,0.0
DHI,2025-09-22,2025-10-08,166.1609756897834,160.04737264354813,-0.0368,16,📈 모멘텀,★★★★★ (11.0),0.5504,Unknown,트레일링(-7.9%),22.55598051119804,-137.9,-0.0358,-0.0173,-0.0977,49.41027466239635,35.828011847736285,-1.990024485634005,0.2539258646254928,0.030789251655853465,3.1817870994188238,-2.3232524880367,0.15692762030070848,0.6695861500418493,-0.05380329420780183,0.03972332197592854,0.06405142240609617,0.10066294116686207,1.038395148244083,3,0.28582839523142134,0.6507526666666108,0.372206522627425,0.14095671332870957,-0.12728959000127796,0.3254540877031423,7.0,11.0,6.0,,Unknown,,0.027569110810741246,bull,0.15288300575539163,1.0,0.7,0.643,0.05,0.27,0.0
NKE,2025-09-23,2025-10-08,70.64705068124995,68.02135648251583,-0.0372,15,📉 바닥반등,★★★★★ (7.0),0.5243,Consumer Discretionary,트레일링(-7.6%),52.3919556847706,-137.57,-0.0065,0.0025,-0.0987,35.786772258198056,20.581387379332064,-0.459531737371939,0.1464952080996745,0.02384475090733649,-0.015036170202472816,-1.9092086774401695,-0.3448537028471421,0.5346704627063714,-0.023962751467178522,-0.08585825144481163,0.005128475489974222,0.02533240414477587,0.8916217167214556,2,0.03874299559816838,-0.022754444244075536,-0.02038976782109124,-0.6410174527833288,0.3463242243786959,0.7783878377511477,7.0,4.5,5.5,,Consumer Discretionary,,-0.08107558642164771,bull,-0.002092973206197884,0.7,0.8,0.649,0.2,0.26,0.0
TXN,2025-09-19,2025-10-13,179.80103600423945,170.1901295382599,-0.0535,24,📉 바닥반등,★★★★★ (6.5),0.4003,Information Technology,트레일링(-7.0%),19.614105543625744,-188.51,0.0391,-0.0198,-0.0626,35.79821763028225,29.687827402012793,-1.3401317441841933,0.24865444423089386,0.025625596285099562,0.4666633419277268,-1.0284776396446682,0.09127216529575169,0.5015427433401749,-0.014808913556869308,-0.09538286327493573,-0.020252417675566188,0.01861793532608591,0.9800102398939815,2,0.04744869176807934,-0.4531535881456389,-0.12286448151646623,0.039351393213640194,0.06653409469889975,0.7141717159612767,6.5,4.0,6.0,,Information Technology,,-0.17356778937933953,bull,-0.034740277406881716,0.65,0.6,0.625,0.2,0.17,0.05
DHR,2025-10-08,2025-10-22,206.17447159137453,221.7197697231212,0.0754,14,📈 모멘텀,★★★★★ (7.0),0.4152,Health Care,"시간익절(13일,+6.7%)",17.397394685420394,270.45,-0.0382,-0.0462,-0.0004,59.31600627199464,29.649869915699593,2.959274694526562,0.8270009756270317,0.028353155803653066,-0.5733648783139912,0.25649771539633437,-0.07220992990493383,0.3518254412139895,0.0530111939621265,0.076204405674136,0.0048445080390224025,-0.040702363165898134,1.1403051075463448,3,-0.11678545554097748,0.4567322683310536,0.1396646246771005,-0.15276420223748047,-0.43632588280739565,-0.6621245058106442,5.5,7.0,6.0,,Health Care,,0.03265167331580695,bull,0.006511436835317822,0.7,0.55,0.442,0.05,0.27,0.0
T,2025-10-15,2025-10-24,25.74812796274395,24.354466950550407,-0.0541,9,📉 바닥반등,★★★★★ (6.0),0.4267,Communication Services,트레일링(-6.5%),134.47629725935835,-187.41,0.0045,0.0077,0.0524,35.534487413590384,42.72195399974902,-0.14910694246823064,0.2658360394191399,0.019129663310536164,0.713578183236738,-0.12216497307712161,-0.25960851445670563,0.6455455400457,0.009606813100225375,-0.09951194630943894,-0.022720637162202156,0.05724081373666553,1.0100236492401287,4,0.07635719091131866,-0.38949972015849155,0.46047347401532307,-0.2947339205334418,-0.033399736207314665,0.7042794035220499,6.0,3.0,6.0,,Communication Services,,-0.05767567515172013,bull,0.002023346968341041,0.6,0.7,0.618,0.05,0.17,0.0
NKE,2025-10-14,2025-10-30,65.61282055050717,64.3394525483438,-0.0194,16,📉 바닥반등,★★★★★ (6.5),0.4497,Consumer Discretionary,트레일링(-6.2%),52.77189550363245,-67.2,-0.0505,0.013,-0.0084,38.38555401805966,22.318346619575262,-0.4002505565791732,0.14798080244782913,0.030527461751263193,-0.49822068039034445,0.6431169682367193,-0.14865424802206134,0.49995574681091853,-0.05325279987246012,-0.07736548799904497,-0.018073274222527295,0.006655471114795251,1.1367642609284558,3,-0.061224309244052116,-0.25499981064729216,-0.23216751353741566,-0.18200484530545186,-0.42672106765546164,0.7285926353378581,6.5,3.0,6.0,,Consumer Discretionary,,-0.042727181970196246,bull,-0.05403127804972655,0.65,0.8,0.554,0.05,0.17,0.0
LMT,2025-10-22,2025-11-10,485.2096455614255,450.1914409973584,-0.0722,19,📈 모멘텀,★★★★★ (10.0),0.5943,Industrials,손절(-6.7%),7.949855034251043,-278.39,0.0324,-0.0108,0.0317,48.38968727767989,35.9286554152133,-3.0128671077078266,0.20608448452535166,0.020760664515101227,3.4805812970199663,-1.1433903275494077,0.0022653464581354373,0.43011712767575455,-0.031038478172385364,0.005815016273432727,0.03197733015893704,0.024923136836553544,0.9881312477046202,3,0.20370292011708047,0.32172917336316065,0.2645853310590581,0.003919910501087476,0.03954187959227326,0.3976437983426191,7.0,10.0,6.0,,Industrials,,-6.774814631194115e-05,bull,0.04452891402711026,1.0,0.7,0.602,0.2,0.37,0.0
NEM,2025-10-30,2025-11-11,79.41798778260306,88.51309807599517,0.1145,12,📈 모멘텀,★★★★★ (8.0),0.4409,Materials,"시간익절(11일,+10.6%)",42.75246655627152,388.84,-0.0264,-0.0301,0.0644,42.28570941720344,30.33767993393587,-1.8619114203229623,0.10198283604736184,0.05110443175565558,-0.46196600075047123,0.5409811421975547,0.12644365523952106,0.6989370811615786,-0.08435819913347586,-0.07306580864659795,0.05052569067776158,0.26093552082708743,1.8050011838025983,3,0.15891712986270398,0.22018495042447428,0.28130366572319754,0.3080171322469541,-0.9907041400380375,0.6511037228856835,6.5,8.0,6.0,,Materials,,-0.07812062070451736,bull,0.2370029267679564,0.8,0.5,0.579,0.05,0.22,0.0
ABBV,2025-11-10,2025-11-19,215.26801244842545,231.67598673332128,0.0762,9,📈 모멘텀,★★★★★ (8.0),0.4425,Health Care,"시간익절(8일,+7.8%)",16.62558525478577,272.79,-0.0252,-0.0207,-0.0459,44.30023879865118,28.743956707790066,-1.4928952593866138,0.24735522605988378,0.021105551112296613,-0.4258172189614959,0.11478862078744916,-0.021356668156403334,0.717948978622363,0.005136709558526631,-0.04234290408011876,0.013432188512746253,0.09467284109290505,0.9552766952403741,3,0.1793731281933234,0.11611906653341558,0.23841974054267698,-0.061814034098314055,0.14798303733341928,0.5086070985133526,6.0,8.0,6.0,,Health Care,,-0.07767302150454386,bull,0.09178842919780604,0.8,0.35,0.59,0.2,0.22,0.0
UNP,2025-10-24,2025-11-20,218.0878684714325,219.12634362736526,0.0048,27,📉 바닥반등,★★★★★ (6.8),0.4733,Industrials,"장기보유(26일,+0.3%)",15.017334802666674,15.6,0.0464,0.0683,0.0634,36.874170440445475,22.537037013308836,-1.2197948550928697,0.010173158903488081,0.018791753098738432,2.0140290181083373,-2.667207911236541,-0.15248842063491064,0.32363818199075417,-0.017853916094086708,-0.051551720067605,0.003849103753152545,-0.0019388764450465285,0.9961671611935321,3,-0.049082145080498324,-0.2167446726394984,-0.2541260392481397,-0.47055112310110814,0.012775434253288172,0.8040673146715656,6.75,5.5,6.0,,Industrials,,-0.07653524638890723,bull,-0.028230381666463338,0.675,0.85,0.604,0.2,0.27,0.05
NKE,2025-11-12,2025-11-21,63.273380467891315,61.21033713628691,-0.0326,9,📉 바닥반등,★★★★★ (6.0),0.4336,Consumer Discretionary,트레일링(-7.0%),59.8064025867287,-123.38,0.0612,0.0312,-0.0714,39.65745605089887,31.137202229519385,-0.25318797310611707,0.30425464811103775,0.02872256804595114,1.0244404227754456,-1.358897123793747,-0.2949314791781482,0.37912331519011194,0.031357315278394804,-0.06638073081045504,-0.04446121533216406,-0.03202048231498366,1.02864150021237,3,-0.17210850641328973,-0.494066705745449,-0.2682924750754268,-0.49081107670598895,-0.09518265142804898,0.5867174832079499,6.0,2.5,6.0,,Consumer Discretionary,,-0.06944318732748146,bull,-0.09961205558890474,0.6,0.8,0.531,0.05,0.17,0.0
SMCI,2025-11-19,2025-11-21,34.54999923706055,32.13999938964844,-0.0698,2,📉 바닥반등,★★★★★ (6.0),0.4012,Unknown,손절(-8.7%),111.4833271773221,-268.67,0.0395,0.1005,-0.0333,29.57351956052362,30.72310720602754,-1.2375322702955356,0.15079955026395975,0.07975103460180201,-0.32698421332674005,-1.1511447493433857,-0.39067826369810915,0.38737246444976886,-0.10097883049360135,-0.36337100109152387,-0.0760281273953601,-0.008011616912147081,1.064864166371967,2,-0.2563839996895963,-0.8101750885751283,-0.4379698884563652,-0.5811112266784224,-0.21290649923972932,0.8522938863613371,6.0,1.0,6.0,,Unknown,,-0.33054212679986567,neutral,-0.2451490904429242,0.6,0.7,0.538,0.05,0.12,0.0
MU,2025-11-24,2025-12-02,213.23424968286807,238.55337433372216,0.1187,8,📈 모멘텀,★★★★★ (8.0),0.4478,Information Technology,목표가(+12.7%),16.467863886283215,416.95,0.0573,-0.0261,0.1959,44.311217106590654,27.402551091304165,-5.985737981241437,0.04947578002041915,0.07604517187071383,1.1118507484444131,-1.753246611938497,-0.15644694437070616,0.7565736403810353,-0.15986713545961473,-0.053191584307601625,0.10795270930768447,0.3820235942358633,1.7943104693209675,3,-0.036444304348637366,0.3305260489936478,0.2055880986024329,-0.46592834923203685,-0.9900208564551867,0.6065904095421685,6.75,8.0,6.0,,Information Technology,,0.03309057516512694,neutral,0.41798884031901007,0.8,0.65,0.482,0.05,0.22,0.0
LOW,2025-11-25,2025-12-12,229.68846731670249,248.03605658779378,0.0799,17,📉 바닥반등,★★★★★ (6.8),0.4146,Consumer Discretionary,"시간익절(16일,+7.5%)",15.288153735770308,280.5,-0.035,-0.0214,0.1007,42.95014593743935,27.50511573105386,0.24069589034461902,0.307801706588924,0.02376904383293493,0.46174822863584536,-0.33447194246114825,-0.2011283087848009,0.3212953650408967,0.01671113518673062,-0.06111224169162244,-0.023705389646721142,-0.0006823655089452379,1.155898220642837,4,-0.1442806633462252,-0.40493378114138434,-0.03723250758688604,-0.33325678477645404,-0.47743812446028694,0.49541254631292725,6.75,5.0,8.0,,Consumer Discretionary,,0.003749415278691978,bull,-0.040636615040699924,0.675,0.5,0.492,0.05,0.31,0.0
WELL,2025-12-16,2026-01-06,189.91615257439685,183.3394920770585,-0.0346,21,📈 모멘텀,★★★★★ (9.0),0.4749,Real Estate,"장기보유(20일,-3.1%)",19.713946234845146,-129.65,0.0232,0.0109,0.0081,44.95456808425702,36.83552310009604,-2.696067500369323,0.16362457372980585,0.022423868522707537,0.1640266550924992,-0.28583835597583024,-0.05154603621268766,0.7949732177750806,-0.05182200443699869,-0.01728412560077086,0.03373169271092658,0.1400175577966156,1.1251749609872022,2,0.14505870413458555,0.29784275220309653,0.38008254969736643,-0.15887948688889988,-0.3946110693197879,0.5419258793734305,6.0,9.0,6.0,,Real Estate,,0.0,bull,0.1509609695801119,0.9,0.55,0.573,0.05,0.22,0.0
PYPL,2025-12-22,2026-01-21,59.779006468095446,55.35240853029895,-0.074,30,📉 바닥반등,★★★★★ (6.0),0.4775,Financials,손절(-8.1%),62.63062975090611,-277.24,-0.0259,-0.261,-0.2484,39.20333716221459,17.40879214596315,0.043827766727755124,0.09648709970732253,0.029603028748543134,2.6396512914772705,-0.1627987094931769,0.018787907641131422,0.07378684266767688,-0.030003211912771,0.029343471861626336,-0.036541608548393445,-0.06810627546718519,1.0065106926162644,3,0.05359895966459975,-0.15364999533227644,-0.5287416354720872,0.1877128824709324,-0.02169890217105777,0.7320195026669902,6.0,1.0,6.0,,Financials,,-0.07238937395797758,bull,-0.12672451359495635,0.6,0.95,0.624,0.05,0.17,0.0
CRWD,2026-01-05,2026-01-21,458.6300048828125,445.0,-0.0297,16,📉 바닥반등,★★★★★ (6.0),0.4802,Unknown,트레일링(-7.6%),8.163436280050975,-111.27,0.0544,-0.0666,-0.0514,29.590647900359713,25.94200817679541,-2.3930298994737154,0.03160847803136722,0.031757313699643026,1.4557717681495883,-1.7108252242452573,-0.2749362148113932,0.5819760149820457,-0.04931776634680696,-0.1346700471972465,-0.020802228672238934,0.07466276578863876,0.8990512765763309,3,-0.006656788836147981,-0.6109754521511118,0.06215512534640946,-0.4974820387522664,0.3243453595564404,0.8941299113969651,6.0,2.0,5.5,,Unknown,,-0.14280565030640435,bull,-0.01722765214612364,0.6,0.85,0.655,0.2,0.11,0.0
NEE,2026-01-13,2026-01-27,80.61035218401295,83.92772936879126,0.0412,14,📈 모멘텀,★★★★★ (8.0),0.5063,Utilities,"시간익절(13일,+5.3%)",44.83722985455166,148.74,0.0511,0.0749,0.1256,51.00830414481084,26.214618308355263,0.08019755637114556,0.7066075573884402,0.018108163409477858,0.46803686614605217,0.6523466849450534,-0.09132015718455887,0.7809975864450459,-0.002459432400747752,-0.0011082767568626473,-0.003758859250648111,0.05784157115307416,0.78169943687481,4,0.09721808490143283,0.02220347481822226,0.33507320416704606,-0.02542795087213002,0.6216369165311899,-0.3056290032863342,5.75,8.0,6.0,,Utilities,,0.055890697118344046,bull,0.05961572487689549,0.8,0.6,0.549,0.35,0.17,0.0
UNP,2026-01-27,2026-02-05,233.7782939643895,249.36683271244513,0.0667,9,📈 모멘텀,★★★★★ (6.5),0.4467,Industrials,"시간익절(8일,+6.3%)",15.640523000277778,243.81,0.0443,0.0616,0.019,51.125188106591594,26.55382268699197,0.03596610342231876,0.5680194296690275,0.018961021589243683,1.0955834363505488,-0.11549889458561549,-0.081885825388976,0.5995883070549612,0.0061004557713446594,-0.017698398378246605,0.002275037078763454,0.012294661001478947,1.0373131112106913,4,-0.03777827655073446,0.0421967907648751,0.14038055162462643,-0.10973463805139351,-0.1237396249912439,-0.141495708835499,5.5,6.5,8.0,,Industrials,,-0.08307172709812163,bull,0.01849224904387815,0.65,0.7,0.481,0.05,0.31,0.0
C,2026-01-21,2026-02-09,112.5533245504234,122.19000244140625,0.0856,19,📈 모멘텀,★★★★★ (11.0),0.527,Financials,"시간익절(16일,+9.0%)",31.538319180986058,303.92,-0.0688,-0.1034,-0.1082,45.24880718023689,32.42081263622852,-1.2025735531111752,0.013708740278654858,0.029432218395502124,0.6000464663908509,-1.6260589987204952,-0.009227215946837359,0.8417424662841921,-0.04163117154176488,-0.0002658343760076898,0.04319395903981219,0.16830892510514056,1.3004003427623663,3,0.08662313959141209,0.36981980237390516,0.3509816047316336,-0.24065873947535504,-0.7621540322317224,0.5847532393695072,5.5,11.0,6.0,,Financials,,0.01961917418364213,neutral,0.1805839817868207,1.0,0.75,0.543,0.05,0.22,0.0
AAPL,2026-01-30,2026-02-10,254.93144331105526,274.8900146484375,0.0783,11,📈 모멘텀,★★★★★ (7.5),0.482,Information Technology,"시간익절(10일,+7.7%)",14.342737546322795,286.26,-0.0383,-0.0024,-0.0512,46.324419045555274,28.60729728306213,0.6523310426584414,0.5004206530095108,0.020034835498141567,1.5051370206847832,0.36381489656147076,-0.1445192463292042,0.7559409428901273,0.0399838235258847,-0.05419656999167777,-0.015897828671754665,0.06852753843262836,0.9571216429975314,4,0.09933743304582972,-0.15768310356536872,0.5078914501484912,-0.07319937001891803,0.1419624831600652,0.13150616879962465,4.25,7.5,8.0,,Information Technology,,-0.10845405308974287,bull,0.05048560073461225,0.75,0.7,0.55,0.2,0.16,0.0
AMAT,2026-02-05,2026-02-12,299.69622810258727,339.4566348084335,0.1327,7,📈 모멘텀,★★★★★ (11.0),0.5082,Information Technology,목표가(+13.3%),13.013936502431905,517.44,0.1058,0.0968,0.0061,46.385785976697306,34.147421111174445,-3.6307455866314076,0.19713457433370363,0.05012339552144517,2.7172928399683345,-0.4400610348691363,-0.05293730649432646,0.7968969862516526,-0.11625833111859774,0.0053714170338208245,0.08789727600637921,0.2548676217023942,1.467850321698095,3,0.12310259995427712,0.5186006512282373,0.340744175647242,-0.025481081220686347,-0.915339590417544,0.4745242172349221,6.25,11.0,6.0,,Information Technology,,0.05612150705437502,bull,0.3018886121598336,1.0,0.85,0.562,0.05,0.22,0.05
KKR,2026-02-09,2026-02-24,103.04227260182336,92.2699966430664,-0.1045,15,📉 바닥반등,★★★★★ (6.0),0.4273,Unknown,손절(-10.5%),37.3988965927984,-402.87,-0.0186,-0.025,-0.0147,28.530656351456926,38.616303538489326,-2.1598548625067693,0.11880231661451389,0.04770191865797158,1.3402683540631553,-0.42017240374984083,-0.14480172559269947,0.18228931086532071,-0.09679684036151592,-0.22777616747255647,-0.05181516205851809,-0.03824207700571814,1.4261901472388605,4,-0.24611713175930877,-0.7854175777747677,-0.3535453572534559,-0.23934039746916613,-0.8897310743346245,0.8748510788191057,6.0,2.0,6.0,,Unknown,,-0.25950820998249274,bull,-0.18932648665708168,0.6,0.85,0.489,0.05,0.12,0.0
BX,2026-02-25,2026-03-04,117.0999984741211,112.05000305175781,-0.0431,7,📉 바닥반등,★★★★★ (6.0),0.4129,Unknown,트레일링(-6.2%),29.468796823550058,-148.82,-0.0428,0.0132,0.0203,28.380253354912398,38.60912419059606,-1.3173296981901403,0.048142581030164625,0.048483985024453,0.33309992859282284,-1.5808834910095246,-0.05822330004548183,0.037941925412132434,-0.11401168884333868,-0.21527978568184825,-0.06453276525609358,-0.05793922774627149,1.6352536184949609,2,-0.28993684905216865,-0.8127204436879554,-0.351322238674189,-0.36523797300124217,-0.9714544030525587,0.8994967056422727,6.0,1.0,8.0,,Unknown,,-0.23671815763004792,bull,-0.21755096360068252,0.6,0.75,0.473,0.05,0.16,0.0
QCOM,2026-02-23,2026-03-09,141.06431262109078,133.49000549316406,-0.0537,14,📉 바닥반등,★★★★★ (6.0),0.4067,Information Technology,트레일링(-6.3%),29.633088162383203,-224.45,-0.0307,-0.0385,-0.0706,38.84107958247653,39.19817094111414,0.821473891880486,0.3933847131608359,0.031719707086613126,-0.25431671968997055,1.695788087520361,0.0680459718554002,0.31638023216446604,0.03184805206414021,-0.09455003485438862,-0.05971479388139553,-0.030176953430375183,1.1375832630070233,3,0.03412118409546318,-0.5783841887118373,0.06541431812747989,0.4035548457073765,-0.42895136152356905,0.5008457550701295,6.0,3.0,6.0,,Information Technology,,-0.04859350893165271,bull,-0.11069435155682711,0.6,0.65,0.551,0.05,0.17,0.0
ISRG,2026-02-12,2026-03-11,496.1199951171875,489.2300109863281,-0.0139,27,📉 바닥반등,★★★★★ (6.5),0.4202,Health Care,"장기보유(26일,-2.1%)",8.425726142078547,-58.05,-0.0235,-0.0393,-0.0701,35.55932186127873,34.496235986534636,-0.3681513927268725,0.3289652973667955,0.0260449499433122,-0.79959660797504,-0.639940492724839,-0.20851070097573174,0.3719045484996504,0.036845086088795664,-0.11694138932492071,-0.03466105229803097,0.01850580134658675,1.013530228315293,3,-0.11358237967931156,-0.556361924409238,0.002794152271624495,-0.4980060871039571,-0.045070206412605944,0.6419661374304566,6.5,4.0,6.0,,Health Care,,-0.1296638217050968,bull,-0.0447739404506389,0.65,0.65,0.558,0.05,0.17,0.0
TER,2026-03-11,2026-03-13,301.0299987792969,290.0,-0.0366,2,📈 모멘텀,★★★★★ (10.0),0.4953,Information Technology,트레일링(-5.1%),13.69337976205837,-151.04,0.0029,0.0193,,51.893980268349644,41.974764808464606,-6.873816850710384,0.2866033896357604,0.06289208830794164,-0.5308915609801163,1.9333964490880202,0.15451364545450047,0.8471525161411699,-0.011340517366339675,-0.029399865789023205,0.10864762456968598,0.43703069664141503,1.6110102909108521,3,0.19787487327674788,0.4166249561392118,0.4340547684739011,0.525995734716863,-0.9665308427241545,0.20609810541766346,4.75,10.0,6.0,,Information Technology,,-0.01242551180533874,neutral,0.5881030883587623,1.0,0.55,0.599,0.05,0.22,0.0
PM,2026-03-10,2026-03-20,171.0431205785451,163.52999877929688,-0.0439,10,📈 모멘텀,★★★★★ (7.5),0.4327,Consumer Staples,트레일링(-5.7%),23.127040059815982,-173.76,0.0001,-0.0195,,41.41738972799827,27.590647277982296,-2.4292661004562137,0.09332030224934479,0.027195539364896198,0.12799189890576576,-0.7658826441385586,0.06752798013378822,0.6461745612337458,-0.05750195264114499,-0.05229475742911438,0.025877610017334688,0.07900163455537185,1.2394237259074656,2,0.09561643826649106,0.09155610220840874,0.19016395141559383,0.012274194631613434,-0.6629615033276042,0.6782405219146391,7.25,7.5,6.0,,Consumer Staples,,-0.0383068323948941,neutral,0.06854154959984261,0.75,0.55,0.548,0.05,0.27,0.0
MCK,2026-03-06,2026-03-23,927.8400268554688,896.1699829101562,-0.0341,17,📈 모멘텀,★★★★★ (10.0),0.4833,Health Care,트레일링(-6.2%),3.5587802621547926,-112.71,-0.0401,-0.0441,,50.400539681724034,27.366363972209133,-3.1097296077319534,0.21454614611695078,0.027365271355547546,1.3981101045530648,0.8586182596933596,0.2732542057784597,0.8205738080077262,-0.04343570419749587,0.13397085593956937,0.051644816056901265,0.13012298224291444,1.2435448328886982,4,0.304432714282292,0.7491924967101136,0.20388963502341428,0.6027978762836141,-0.6705908965452632,0.3185272667323617,5.75,10.0,6.0,,Health Care,,0.11739345268370888,neutral,0.17341616309076313,1.0,0.7,0.652,0.05,0.22,0.05
TER,2026-03-13,2026-03-25,290.0,324.989990234375,0.1207,12,📈 모멘텀,★★★★★ (9.0),0.4979,Information Technology,"시간익절(11일,+10.4%)",13.69337976205837,479.13,-0.0394,0.1207,,46.80211263132574,37.269959864507356,-6.506173591075614,0.10604939739826656,0.06450995243666287,-0.3824691596174947,1.301033128368427,0.09131792429190465,0.7956823618310971,-0.06207867679258827,-0.10801119056248376,0.09662782769256814,0.4302751456136336,1.652452638124759,3,0.1655731450670268,0.18399358994338205,0.3858935314903525,0.38725140894295546,-0.9745073556956136,0.5047948594944153,5.75,9.0,6.0,,Information Technology,,-0.07662330477077171,neutral,0.4969229942572148,0.9,0.7,0.583,0.05,0.22,0.0
SLB,2026-03-20,2026-03-31,48.0099983215332,52.220001220703125,0.0877,11,📈 모멘텀,★★★★★ (10.0),0.4989,Energy,"시간익절(10일,+7.3%)",78.77452541076615,331.64,-0.0065,,,50.4147983794381,26.966271938982253,-0.31861715678256236,0.44435966551390826,0.03748947072101627,2.2959524739944466,0.5639404879706971,0.12143817805587352,0.8066930456137917,0.07315974463787223,-0.07217697234425946,0.01512293621591296,0.14035470008157247,1.2747733039887594,4,0.14485659369069082,0.20432877805197652,0.36408898183546046,0.505217634875667,-0.7239572780026429,0.06731112347341539,5.25,10.0,6.0,,Energy,,-0.11089925892357302,neutral,0.16395524547896242,1.0,0.55,0.572,0.05,0.27,0.0
BA,2026-03-26,2026-04-09,197.3000030517578,216.0,0.0948,14,📉 바닥반등,★★★★★ (6.5),0.4253,Industrials,"시간익절(13일,+10.4%)",22.555556443552167,421.79,,,,35.107666961571354,33.5475261265383,-1.5392121023417777,0.19712125956663812,0.03552033214718271,-1.0972709393584028,-1.4017551941791935,-0.018270914920597615,0.5453444583235402,-0.030972400178047588,-0.13348671609014662,-0.03877638794625635,0.029832586924110654,1.3657072503273078,2,-0.20278184906728294,-0.5743095194303771,-0.10685122610133184,-0.37196105541658764,-0.8393660878585074,0.7617273853599091,6.5,4.0,10.0,,Industrials,,-0.04868040109326785,neutral,-0.06722594306119968,0.65,0.7,0.485,0.05,0.25,0.0
KO,2026-03-24,2026-04-09,74.86000061035156,78.18000030517578,0.0443,16,📉 바닥반등,★★★★★ (6.2),0.4224,Consumer Staples,기간종료,42.603152828123974,141.44,,,,39.24908869441739,21.058618008972314,-0.5073609895712966,0.13062320886898413,0.016663583399403787,-0.45939910869408035,-1.6885653848444893,-0.09375140357228248,0.6370487426326407,-0.03482394108327014,-0.0612405718251966,0.014607305229697401,0.06520562363360957,1.1667917793489917,2,-0.03688476175293637,-0.02987798806498551,0.14084323946797384,-0.5073272867153525,-0.5049831563124302,0.7175074154608432,6.25,4.0,5.5,,Consumer Staples,,0.0004606465247910668,neutral,0.05631387786148855,0.625,0.7,0.548,0.05,0.21,0.0
MCK,2026-04-02,2026-04-09,872.1699829101562,873.4299926757812,0.0014,7,📉 바닥반등,★★★★★ (7.2),0.4097,Health Care,기간종료,4.716518446765058,5.94,,,,38.873464296229336,24.426903654155037,-6.580273849197285,0.24700755009790767,0.025858535182082885,-0.2675928599111697,-0.6875470621522909,-0.15226239085217017,0.6428506935480935,-0.00844557280566216,-0.10870432739004887,-0.0005640208553071866,0.1041162649691796,1.1567235562803309,3,-0.06045759427212555,-0.18153930382284716,0.1120616433712808,-0.4233269029176856,-0.4795593419817019,0.656017824224322,7.25,4.5,6.0,,Health Care,,-0.04498591861255548,neutral,0.07378361571549828,0.725,0.55,0.536,0.05,0.17,0.0
