날짜,구분,티커,회사,섹터
2026-10-09,추가,ARES,Ares Management,Financials
2026-10-09,추가,BE,Bloom Energy,Industrials
2026-10-09,추가,BNY,BNY Mellon,Financials
2026-10-09,추가,CVNA,Carvana,Consumer Discretionary
2026-10-09,추가,CASY,Casey's,Consumer Staples
2026-10-09,추가,CIEN,Ciena,Information Technology
2026-10-09,추가,COHR,Coherent Corp.,Information Technology
2026-10-09,추가,FIX,Comfort Systems USA,Industrials
2026-10-09,추가,CRH,CRH plc,Materials
2026-10-09,추가,ECHO,EchoStar,Communication Services
2026-10-09,추가,P,Everpure,Information Technology
2026-10-09,추가,FDXF,FedEx Freight,Industrials
2026-10-09,추가,FERG,Ferguson Enterprises,Industrials
2026-10-09,추가,FISV,Fiserv,Financials
2026-10-09,추가,FLEX,Flex Ltd.,Information Technology
2026-10-09,추가,HONA,Honeywell Aerospace,Industrials
2026-10-09,추가,ILMN,"Illumina, Inc.",Health Care
2026-10-09,추가,LITE,Lumentum,Information Technology
2026-10-09,추가,MRSH,Marsh McLennan,Financials
2026-10-09,추가,MRVL,Marvell Technology,Information Technology
2026-10-09,추가,Q,Qnity Electronics,Information Technology
2026-10-09,추가,RDDT,Reddit,Communication Services
2026-10-09,추가,SNDK,Sandisk,Information Technology
2026-10-09,추가,SKYD,Skydance Corporation,Communication Services
2026-10-09,추가,TWLO,Twilio,Information Technology
2026-10-09,추가,VEEV,Veeva Systems,Health Care
2026-10-09,추가,VRT,Vertiv,Industrials
2026-10-09,추가,VMRK,Vivmark Residential,Real Estate
2026-10-09,추가,VYLR,Vylor,Consumer Staples
2026-10-09,제거,AVB,,
2026-10-09,제거,BK,,
2026-10-09,제거,BLDR,,
2026-10-09,제거,CAG,,
2026-10-09,제거,CPB,,
2026-10-09,제거,CTRA,,
2026-10-09,제거,CTVA,,
2026-10-09,제거,DAY,,
2026-10-09,제거,EA,,
2026-10-09,제거,EMN,,
2026-10-09,제거,EPAM,,
2026-10-09,제거,EQR,,
2026-10-09,제거,HOLX,,
2026-10-09,제거,KMX,,
2026-10-09,제거,LKQ,,
2026-10-09,제거,LW,,
2026-10-09,제거,MHK,,
2026-10-09,제거,MOH,,
2026-10-09,제거,MTCH,,
2026-10-09,제거,PAYC,,
2026-10-09,제거,POOL,,
2026-10-09,제거,PSKY,,
2026-10-09,제거,TAP,,
2026-10-09,제거,TTD,,
2026-10-09,제거,WBD,,
